"conversation_id_str","created_at","favorite_count","full_text","id_str","image_url","in_reply_to_screen_name","lang","location","quote_count","reply_count","retweet_count","tweet_url","user_id_str","username"
"1840541045328908393","Sun Sep 29 23:55:55 +0000 2024","7","Mereka Refly Din S dkk yg kalah Pilpres hobi bikin rapat gelap provokasi adu domba sesama anak bangsa membuat kegaduhan memperpanjang permusuhan di negeri ini. @EdySularno96489 @agent_pin @H1m4_W4r1 @marpaung913 @EdySularno96489 @Aslipriok1973 @j6rt9gw2hd @sumpahlusampah","1840541045328908393","","","in","Jakarta Capital Region, Indone","1","1","1","https://x.com/cagubnyinyir2/status/1840541045328908393","1013331201396912128","cagubnyinyir2"
"1839882957927981538","Sun Sep 29 23:51:29 +0000 2024","0","@DewiDearta @ERaksasa @itsquaileggs @ainunnajib @aniesbaswedan Saya ga suka sama pendukung waktu pilpres yg over merehkan merendahkan dan menghina...eh pak Anies ikutan pendukungnya yg bikin keok..klu masih didukung model pendukung pilpres kemarin pak Anies mau mencalonkan RT sekalipun pasti keok","1840539930646421925","","DewiDearta","in","Indonesia tercinta","0","1","0","https://x.com/Raden_Mas_Budi/status/1840539930646421925","820978803891576835","Raden_Mas_Budi"
"1840539847309791386","Sun Sep 29 23:51:09 +0000 2024","6","Mereka Refly Din S dkk yg kalah Pilpres hobi bikin rapat provokasi adu domba sesama anak bangsa membuat kegaduhan memperpanjang permusuhan di negeri ini. @sukmawijaya91 @sukardiyahya162 @H4l1mun_D1n61n @Masdjodi1 @ferrykoto @MikailSetiawan @MikamiRambo @murphieku @g4b0ng0ku73","1840539847309791386","","","in","Jakarta Capital Region, Indone","0","1","3","https://x.com/cagubnyinyir2/status/1840539847309791386","1013331201396912128","cagubnyinyir2"
"1840287788236976291","Sun Sep 29 23:44:34 +0000 2024","0","@Ki_Nusantara99 @vitalongC_1 @bengkeldodo @jokowi @Lembayung071 @gustavssondhela @DakotaGeorgy @Alexemeru @Amet_81 @EdySularno96489 @Kimberley_PS08 @AndreasSolusi @mas_veel Bukan soal kalah menang pilpres kemarin BONG jangan ngalihin isuu skandal ekspor pasir kemang IKN calon mangkrak. Banyakin literasi Kalooo begoo nggak usah berisik #FufufafaAibNasional","1840538187107848255","","Ki_Cebong99","in","everywhere","0","0","0","https://x.com/ferdm300/status/1840538187107848255","84280965","ferdm300"
"1840294923645362291","Sun Sep 29 23:43:58 +0000 2024","1","@kompascom Pamor mulyono sdh pudar sejak cawe2 pilpres n intervensi MK demi politik dinasti Jd tau ketulusan selama ini cuma pencitraan n kemunafikan Rojo glembuk dilawan se endonesah tertifufufafa","1840538039879348620","","kompascom","in","Surabaya","0","0","0","https://x.com/DaddyAshari/status/1840538039879348620","798563634","DaddyAshari"
"1840223080943366334","Sun Sep 29 23:36:55 +0000 2024","1","@mulanbilqis Semoga Mesin Nganu tidak berjalan seperti Pilpres kemarin. Paham kan.","1840536265663578233","","mulanbilqis","in","Cilandak, Indonesia","0","1","0","https://x.com/Nov_174/status/1840536265663578233","970736194903420933","Nov_174"
"1839810725986087107","Sun Sep 29 23:34:42 +0000 2024","0","@nanath27 Prestasi Anies sekalipun dia gagal pilpres dan nyagub tp bs bikin banyak org2 macam kamu tantrum hingga akhir hayat.....","1840535707049427321","","nanath27","in","","0","0","0","https://x.com/abujibril/status/1840535707049427321","72155950","abujibril"
"1840532854968889840","Sun Sep 29 23:23:22 +0000 2024","0","Pilpres pileg ga ada yg minat n mau daftar jd kpps. Giliran besok pilkada bupati yg jauh lebih ringan tugasnya n honor lumayan daftar n pake koneksi sodara pdhl tim udah lengkap n ngumpul berkas. Kalo ada sampe anggota tim yg digeser tim bubar n mundur semua. Kebiasaan","1840532854968889840","","","in","Jogja - Indonesia","0","0","0","https://x.com/jaysansan/status/1840532854968889840","58421512","jaysansan"
"1839912783946887362","Sun Sep 29 23:23:17 +0000 2024","0","@dewiirawan13 10 thn dia menipu kita dgn gayanya yg sederhana tapi ternyata mulyono munafiknya luar biasa.kasus2 di MK dan pilpres harus disidang seadil2nya.","1840532831237554390","","dewiirawan13","in","Papua - Jakarta - Vancouver BC","0","0","0","https://x.com/djonnyrg/status/1840532831237554390","42871572","djonnyrg"
"1840245390274375988","Sun Sep 29 23:22:17 +0000 2024","6","@spesdelune Udah dari jaman pilpres gue benci banget sama si penjilat pantat Mulyono @ainunnajib","1840532579411431560","","spesdelune","in","","0","0","0","https://x.com/TERClPTA/status/1840532579411431560","1149709228744929280","TERClPTA"
"1840028865629983037","Sun Sep 29 23:10:02 +0000 2024","0","@MarchelAmb52434 @vvotanet Begini kalo misal ada event serupa kayak pemilihan ketua OSIS pilkada pilpres dan yang lain. Buat calon yang gajadi lu ngerasa gitu juga gak? Mereka capek bahkan sampe keluar duit buat kampanye kan. Inget ini SSK slot cuma 24 dan yg bertarung 51 member dan trainee jadi wajar","1840529497327878201","","MarchelAmb52434","in","","0","1","0","https://x.com/JoninyaZhask/status/1840529497327878201","1698135951565053952","JoninyaZhask"
"1838762518262747312","Sun Sep 29 23:02:30 +0000 2024","0","@yoghafoto @WBinar21240 @rosunWONG Sbnrnya di pilpres dukung 03 orang tuh harus bisa mnrima kenyataan bukan hujat sana hujat sini Tuhan gak tidur","1840527604740509709","","yoghafoto","in","Jakarta Capital Region","0","0","0","https://x.com/SuhaepiEep59147/status/1840527604740509709","1731348948173099008","SuhaepiEep59147"
"1840527430714638420","Sun Sep 29 23:01:49 +0000 2024","4","Dulu saya benci Pak Anies ketika jadi jubir promosikan JKW... Tapi kemarin pilpres coblos Pak Anis... Itulah hak demokrasi ...","1840527430714638420","","","in","Bandung","0","1","1","https://x.com/hepipurwana/status/1840527430714638420","201344280","hepipurwana"
"1840230387869724772","Sun Sep 29 23:01:35 +0000 2024","0","@BANGSAygSUJUD @prabowo @99propaganda @AlmaghribiS @Ber_uang08 @gtobing2903 @gustavssondhela @Kimberley_PS08 @mas_veel @florieliciouss @Ndons_Back @are_inismyname Gw bukan pendukung Pak PS di pilpres kemarin tapi gw hanya berharap Pak PS bisa memimpin Indonesia sprti Pak Harto..","1840527371637830107","","BANGSAygSUJUD","in","","0","0","0","https://x.com/frawzula/status/1840527371637830107","1089912073767665665","frawzula"
"1840305864714137744","Sun Sep 29 23:00:23 +0000 2024","0","@msaid_didu Kelompok @msaid_didu makin parah utk memecah belah negara pasca Kekalahan pilpres &amp; pilkada. Pemodalnya sudah mengeluarkan Ancaman untuk Didu Dkk ( Group Pengacau Keamanan / Group Saparatis ). Hi Didu masih ingat dongeng Seekor Ular Menjadi Pahlawan Menolong ikan Berenang ","1840527069241114827","","msaid_didu","in","Jakarta Capital Region, Indone","0","0","0","https://x.com/GuesPry/status/1840527069241114827","925295869728997377","GuesPry"
"1840523464744341630","Sun Sep 29 22:46:03 +0000 2024","0",".... dari ajang pilpres ke ajang pilgub ... https://t.co/DxsJAJtMfc","1840523464744341630","https://pbs.twimg.com/media/GYraVcTboAAF6XZ.jpg","","in","Boston, MA","0","0","0","https://x.com/csukardjo/status/1840523464744341630","85305837","csukardjo"
"1840374022665540035","Sun Sep 29 22:36:47 +0000 2024","1","@fadlizon Bullshit kesejukan pilpres 10thn yg lalu antara Wowo vs Wiwi dia nya yg lebih banyak lompat2 seperti kodok kau ini buta budek apa ngibul juga sama seperti mereka 'Liar'","1840521129812963712","","fadlizon","in","","0","0","0","https://x.com/jmelive/status/1840521129812963712","483473604","jmelive"
"1840425781211853137","Sun Sep 29 22:27:01 +0000 2024","1","@islah_bahrawi @benuacintaandin Ya dulu loe kan suka bahas tentang teroris...dah bagus itu.Lalu loe turun kelas dikit jadi bahas pilpres...eh kini turun kelasnya ke jurang banget...wkwkwk","1840518673708241088","","islah_bahrawi","in","Bogor","0","1","0","https://x.com/samarchitect86/status/1840518673708241088","2783717701","samarchitect86"
"1840333617974960285","Sun Sep 29 22:22:29 +0000 2024","3","@Piyusaja2 Mahluk odel kau iji perlu kasi cermin . mestinya nulis; AKU SAKPAH DEMOKRASI 3 pilpres KALAH Terus kaiang-kaingvTerus ","1840517530693300261","","Piyusaja2","in","Indonesia","0","2","0","https://x.com/sig4rpenjalin/status/1840517530693300261","1026208477","sig4rpenjalin"
"1840382679944233029","Sun Sep 29 22:21:32 +0000 2024","0","@PartBurungGalak @DPR_RI Buat acara mrk sendiri Acara sepi buat ribut oleh mrk sendiri Sama badrun kalah pilpres diputar krn Mulyono. Nanti klo ada yg mempertanyakan status presiden ke 5 krn pencabutan TAP MPR pun jg krn Mulyono. Mungkin krn trauma kalah telak ya","1840517293400551677","","PartBurungGalak","in","Jakarta, Indonesia","0","1","0","https://x.com/Stef_Rud/status/1840517293400551677","2833745060","Stef_Rud"
"1840353753809273221","Sun Sep 29 22:12:24 +0000 2024","0","@NenkMonica Asw....10 taon apes dipimpin yg modelan kyk gini untung gw gak milih die 2 kali pilpres walaupun dapet sialnya juga...yonoooo....yono...","1840514993755926966","","NenkMonica","in","","0","0","0","https://x.com/MarojanJajan/status/1840514993755926966","1717406059604873216","MarojanJajan"
"1840353753809273221","Sun Sep 29 22:09:17 +0000 2024","0","@NenkMonica 2 bln jelang pilpres beras sengaja dinaikkan dr 10 ewu dadi 15 ewu habis itu diglontor bansos dan BLT biar jurus bansos nya manjur urik tenan iki wong","1840514209551102262","","NenkMonica","in","Temanggung","0","0","0","https://x.com/PenDjooLL/status/1840514209551102262","1350861338","PenDjooLL"
"1840425781211853137","Sun Sep 29 22:09:13 +0000 2024","0","@samarchitect86 @benuacintaandin Elu lebih parah dong dari Pilpres malah ngurusin gua ","1840514193579180113","","samarchitect86","in","","0","2","0","https://x.com/islah_bahrawi/status/1840514193579180113","1619899748387000322","islah_bahrawi"
"1840512198487281997","Sun Sep 29 22:01:17 +0000 2024","24","barisan sakit hati pilpres nih semakin hari semakin ga punya opini sampe akhirnya nyerang pribadi mulaindari mulyono fufufafa sampe sekarang almarhum dibawa . ternyata berpolitik di negeri ini tidak akan pernah berada di posisi matang secara pikiran dan emosi.","1840512198487281997","","","in","Cayman Islands","0","0","3","https://x.com/sooooverthiss/status/1840512198487281997","1191182858338963457","sooooverthiss"
"1840507981282324851","Sun Sep 29 21:44:32 +0000 2024","38","Sdh saya bilang sejak kampanye pilpres agen² NED bekerja utk menggagalkan @prabowo jadi presiden krn hanya beliau yg akan lanjutkan hilirisasi. NED adalah perpanjangan tangan partai Democrat yg aktif beraksi ketika presiden AS dari Democrat. Arab Spring terjadi di era Obama.","1840507981282324851","","","in","Los Angeles, CA","2","7","18","https://x.com/Rocky_Antonie/status/1840507981282324851","1696507442035933185","Rocky_Antonie"
"1840368378428772770","Sun Sep 29 21:35:21 +0000 2024","0","@BangPino__ Ini sih msh biasa aja. Tengil ultimate itu yg bergaya di forum resmi dan besar seperti debat pilpres","1840505670527021197","","BangPino__","in","MAKASSAR","0","0","0","https://x.com/gamapila/status/1840505670527021197","509652077","gamapila"
"1840500548874695128","Sun Sep 29 21:24:11 +0000 2024","0","@RadioElshinta Berdasarkan pengalaman pilpres kmarin... Sy sebagai anggota KPPS... Dan nanti pun akan menjadi anggota KPPS kembali... Saran sy.. Lebih baik tdk menggunakan sirekap saja.. Kembalikan normal seperti pilpres 2009 lalu.. Krn aplikasi itu membuat susah anggota KPPS..","1840502862562111689","","RadioElshinta","in","Bekasi Barat, Indonesia","0","0","0","https://x.com/TaufiqH54572634/status/1840502862562111689","2991565264","TaufiqH54572634"
"1840425781211853137","Sun Sep 29 20:57:13 +0000 2024","1","@islah_bahrawi Wkwkwk... Makin turun kelas aja loe..dari pilpres ke raffi...","1840496072353067198","","islah_bahrawi","in","Bogor","0","1","0","https://x.com/samarchitect86/status/1840496072353067198","2783717701","samarchitect86"
"1840487322019823620","Sun Sep 29 20:22:26 +0000 2024","0","Menurut Rekam Jejak Visi &amp; Misi DiWacana Janji Pilpres Periode 1 &amp; 2 Itu Byk Blm Terealisasikan SeluruhX Bahkan Berubah Menjadi Kebijakan Dadakan Yg Mengandung Kontradiksi Dgn Janji2 Pilpres Trsbt. Apkh Yg Bgt Tdk Layak DiSebut MISKIN Prinsip MISKIN Konsekuen MISKIN Komitmen.?","1840487322019823620","","","in","","0","0","0","https://x.com/AnsyariNasrull2/status/1840487322019823620","1490014209840533511","AnsyariNasrull2"
"1840444873436205191","Sun Sep 29 20:19:24 +0000 2024","0","@utdfocusid @bliblidotcom Yg nyalahin pemain kayaknya orang yg sama ketika Pilpres bilang siapapun presidennya gak ngaruh ke hidup gua padahal dia demen jelek2in boss-nya di kantor di Forum Marah-Marah ","1840486556261560479","","utdfocusid","in","","0","0","0","https://x.com/tunjungutomo/status/1840486556261560479","138005733","tunjungutomo"
"1840254394471985201","Sun Sep 29 19:46:05 +0000 2024","1","@tjitrosoenarjo1 Merujuk teori dr. Tifa flight idea loncatan pikir.. itu obsesi yg kalah satu putaran ingin pemenang pilpres pecah.. ","1840478173945082032","","tjitrosoenarjo1","in","Jakarta","0","0","0","https://x.com/Makmur13745478/status/1840478173945082032","1098790982856757251","Makmur13745478"
"1839901598111182978","Sun Sep 29 19:44:33 +0000 2024","0","@Boediantar4 Rakyat lemah.. dari pilpres pada diem kalah sama konoha","1840477785317634091","","Boediantar4","in","Denpasar, Bali","0","0","0","https://x.com/Taratara529450/status/1840477785317634091","1839118419486240768","Taratara529450"
"1840017274117472485","Sun Sep 29 19:30:46 +0000 2024","0","@AmarMakruf68245 @opposite6892 Semoga tidak benar bahwa Polisi takut sama preman Kan sering publik lihat videonya bagaimana keberanian oknum polisi hajar anak saat tangani massa unras di KPU pada pilpres 2019 -2024 (bulan mei)","1840474320059215966","","AmarMakruf68245","in","","0","1","0","https://x.com/EddieRJuna14926/status/1840474320059215966","1808447143549820929","EddieRJuna14926"
"1840465594258428284","Sun Sep 29 18:56:06 +0000 2024","0","Garuda Merah di sini sesuai temlen merujuk ke logo pasangan Prabowo - Hatta sih... yang merupakan lawan kompetisi Jokowi - JK di Pilpres.... bukan merujuk ke logo Gerindra","1840465594258428284","","","in","Antara Jakarta dan Penang ","0","0","0","https://x.com/imamer/status/1840465594258428284","125579184","imamer"
"1839840555586785659","Sun Sep 29 18:46:52 +0000 2024","0","@99propaganda @Ndons_Back @florieliciouss @are_inismyname @Bank_Joee_ @BANGSAygSUJUD @DarekaRendy @mas_veel @AndreasSolusi @Kimberley_PS08 @nanath27 Kok masih aja diarahin ke adu domba? Orang bermasalah layak dikejar. Emang ttng pilpres? Kebayang gak misal klo lo pny mantu bermasalah bikin rusuh tetangga bikin gaduh. trus lo bakal bilang jga? Ah pada gak seneng ya ma mantu gw? Mantu lo itu bermasalah goblok batu. https://t.co/hFx3ntLZY4","1840463272040112236","https://pbs.twimg.com/media/GYqikn9bMAAIcvL.jpg","99propaganda","in","","0","0","0","https://x.com/shionsaint/status/1840463272040112236","1753319990399582208","shionsaint"
"1840463066414362940","Sun Sep 29 18:46:03 +0000 2024","0","itu cuma berlaku bagi mereka yang ngambil duit pilpres ;v dsb.","1840463066414362940","","","in","Sumbersari, Indonesia","0","0","0","https://x.com/daffa_rakhman/status/1840463066414362940","1472594471141347336","daffa_rakhman"
"1840244628106424464","Sun Sep 29 17:54:53 +0000 2024","0","@DedynurPalakka @petruspasaribuu @jokowi Kamu tidak perlu melambungkan pak Jokowi rakyat Indonesia paham bahwa pemilihan umum dan pilpres 2024 paling buruk sebenarnya Ganjar Pranowo dan Anies Baswedan bisa saja kuat2 tan pendukung bisa saja keduanya tidak mengakui kemenangan Prabowo Subianto opsi itu tidak di ambil","1840450189414527235","","DedynurPalakka","in","","0","1","1","https://x.com/36Dpib12339/status/1840450189414527235","1780126233445195776","36Dpib12339"
"1840421352152740261","Sun Sep 29 16:00:18 +0000 2024","0","Timelineku biasa isinya tntg gaza dan israhell. Semenjak pilpress isinya politik. Kelar pilpres isinya komun marah-marah yg bikin enek bgttt bacanya.","1840421352152740261","","","in","East Borneo","0","1","0","https://x.com/laknew23/status/1840421352152740261","426702728","laknew23"
"1839882957927981538","Sun Sep 29 16:00:02 +0000 2024","0","@ER120379 @itsquaileggs @ainunnajib @aniesbaswedan Makanya anak Abah modelnya #asalmangap apa lagi pilpres kemarin over dungu bikin keok pak Anies...cm ga pada belajar masih tetap #asalmangap","1840421286117581008","","ER120379","in","Indonesia tercinta","0","0","0","https://x.com/Raden_Mas_Budi/status/1840421286117581008","820978803891576835","Raden_Mas_Budi"
"1840420562554040393","Sun Sep 29 15:57:10 +0000 2024","0","Nah Bang .... menurut Abang Pilpres Amerika nanti akan bisa membuat lunak Israel gak..? Atau gak ngaruh siapapun Presidennya?","1840420562554040393","","","in","Jakarta Capital Region, Indone","0","1","0","https://x.com/rendranila/status/1840420562554040393","260392113","rendranila"
"1840376182560403700","Sun Sep 29 15:52:44 +0000 2024","3","@psi_id ketum nya suka nebeng ehh..partai nya juga cuma bisa nebeng pilpres ikut sana sini pilkada ikut sana sini gak ada kader apa ya?","1840419449146683402","","psi_id","in","Indonesia","0","0","0","https://x.com/mamangdjalu/status/1840419449146683402","800747002954813441","mamangdjalu"
"1840348722364039173","Sun Sep 29 15:46:07 +0000 2024","4","@moscato_choco @CNNIndonesia Mereka korban propaganda satu bulan setelah pilpres banyak yg nyesel kok.","1840417784444178597","","moscato_choco","in","","0","3","0","https://x.com/TosManda/status/1840417784444178597","1726356230","TosManda"
"1840412870217253055","Sun Sep 29 15:26:36 +0000 2024","0","Map bng klu tagar ini kurang bagus kita itu butuh suara pingn menang Masih inget waktu aiman dulu waktu pilpres","1840412870217253055","","","in","","0","0","0","https://x.com/Verraagustian_/status/1840412870217253055","1524980556190347264","Verraagustian_"
"1839840555586785659","Sun Sep 29 15:25:31 +0000 2024","0","@99propaganda @Ndons_Back @florieliciouss @are_inismyname @Bank_Joee_ @BANGSAygSUJUD @DarekaRendy @mas_veel @AndreasSolusi @Kimberley_PS08 @nanath27 Prihatin dg tuduhan tdp pihak yg ingin mengungkapkan kebenaran mmng pemimpin negara ini &amp; pendukungnya ga mau ada pengkritik psti mengcounter dg pengkritik adlh orng kalah pilpres dsb SMAKIN MIRIS dg demokrasi yg tjdi di negri ini &amp; msh bnyk lg peristiwa sperti di bawah ini https://t.co/BLgq4moAx1","1840412599474872633","https://pbs.twimg.com/media/GYp1gV0b0AEsVTc.jpg","99propaganda","in","","0","0","0","https://x.com/valensgt/status/1840412599474872633","97678181","valensgt"
"1840159324674634194","Sun Sep 29 15:25:21 +0000 2024","0","@V3g3L kalau 0% trus bansos triliunan yg dibagi itu buat siapa ? buat sogokan pilpres kah ?","1840412555870974254","","V3g3L","in","Surabaya,Indonesia","0","0","0","https://x.com/dandyez/status/1840412555870974254","809082996","dandyez"
"1840243751333310600","Sun Sep 29 15:21:47 +0000 2024","0","@denismalhotra Sebesar apa sih dosa RK sampai bisa loe sebenci itu??? njirr cuma karena jagoan loe kalah pilpres sampai segitunya","1840411657584922921","","denismalhotra","in","","0","0","0","https://x.com/FreyPans/status/1840411657584922921","1584112696491855872","FreyPans"
"1839846384360665248","Sun Sep 29 15:17:18 +0000 2024","0","@dancersejati07 Gerombolan ini sedikit tapi berisik rese sungsang oleng politik rusuh ? Pilpres sdh selesai. Saatnya bersatu membangun negeri. Nanti kompetisi 5 tahun lagi. Yg lain sdh berpikir terbang ke mars mereka masih sibuk hujat caci maki hoaks","1840410533171699905","","dancersejati07","in","","0","0","0","https://x.com/coolsmart179048/status/1840410533171699905","1828443480273887232","coolsmart179048"
"1839957560029265931","Sun Sep 29 15:15:25 +0000 2024","0","@yusuf_dumdum Gerombolan ini sedikit tapi berisik rese sungsang oleng politik rusuh ? Pilpres sdh selesai. Saatnya bersatu membangun negeri. Nanti kompetisi 5 tahun lagi. Yg lain sdh berpikir terbang ke mars mereka masih sibuk hujat caci maki hoaks","1840410059408658871","","yusuf_dumdum","in","","0","0","0","https://x.com/coolsmart179048/status/1840410059408658871","1828443480273887232","coolsmart179048"
"1839968797064659322","Sun Sep 29 15:14:47 +0000 2024","0","@KangManto123 Gerombolan ini sedikit tapi berisik rese sungsang oleng politik rusuh ? Pilpres sdh selesai. Saatnya bersatu membangun negeri. Nanti kompetisi 5 tahun lagi. Yg lain sdh berpikir terbang ke mars mereka masih sibuk hujat caci maki hoaks","1840409899525890382","","KangManto123","in","","0","0","0","https://x.com/coolsmart179048/status/1840409899525890382","1828443480273887232","coolsmart179048"
"1840019896530530540","Sun Sep 29 15:13:41 +0000 2024","0","@QianzyZ @ListyoSigitP Gerombolan ini sedikit tapi berisik rese sungsang oleng politik rusuh ? Pilpres sdh selesai. Saatnya bersatu membangun negeri. Nanti kompetisi 5 tahun lagi. Yg lain sdh berpikir terbang ke mars mereka masih sibuk hujat caci maki hoaks","1840409621183569997","","QianzyZ","in","","0","0","0","https://x.com/coolsmart179048/status/1840409621183569997","1828443480273887232","coolsmart179048"
"1839703758693081193","Sun Sep 29 15:13:03 +0000 2024","0","@RaisaTjokrodnta Kenapa gua ga pernah dkg dia d pemilihan pulkada n pilpres apapun krn org nya sakit jiwa alias gila angin ga bktp rmh sehat parkir air terakhir kalah bicara sm lukisan","1840409461678387622","","RaisaTjokrodnta","in","","0","0","0","https://x.com/YoesmarSam33952/status/1840409461678387622","1828074815804301312","YoesmarSam33952"
"1840301399021891795","Sun Sep 29 15:12:16 +0000 2024","0","@HukumDan Gerombolan ini sedikit tapi berisik rese sungsang oleng politik rusuh ? Pilpres sdh selesai. Saatnya bersatu membangun negeri. Nanti kompetisi 5 tahun lagi. Yg lain sdh berpikir terbang ke mars mereka masih sibuk hujat caci maki hoaks","1840409265283981599","","HukumDan","in","","0","0","0","https://x.com/coolsmart179048/status/1840409265283981599","1828443480273887232","coolsmart179048"
"1840273297977864264","Sun Sep 29 15:12:00 +0000 2024","0","@03__nakula Gerombolan ini sedikit tapi berisik rese sungsang oleng politik rusuh ? Pilpres sdh selesai. Saatnya bersatu membangun negeri. Nanti kompetisi 5 tahun lagi. Yg lain sdh berpikir terbang ke mars mereka masih sibuk hujat caci maki hoaks","1840409197948940447","","03__nakula","in","","0","0","0","https://x.com/coolsmart179048/status/1840409197948940447","1828443480273887232","coolsmart179048"
"1839955680855502869","Sun Sep 29 15:09:41 +0000 2024","0","@PartaiSocmed Gerombolan ini sedikit tapi berisik rese sungsang oleng politik rusuh ? Pilpres sdh selesai. Saatnya bersatu membangun negeri. Nanti kompetisi 5 tahun lagi. Yg lain sdh berpikir terbang ke mars mereka masih sibuk hujat caci maki hoaks","1840408614751617370","","PartaiSocmed","in","","0","0","0","https://x.com/coolsmart179048/status/1840408614751617370","1828443480273887232","coolsmart179048"
"1840231889291935900","Sun Sep 29 15:09:06 +0000 2024","0","@kizarukun899982 @aniesbaswedan kemarin kan d pilpres pakai jet oligarki skrg jd pengaguran wjr lah pakai pesawan biasa dr pada naik onta kan ga mungkin","1840408469507334184","","kizarukun899982","in","","0","0","0","https://x.com/YoesmarSam33952/status/1840408469507334184","1828074815804301312","YoesmarSam33952"
"1839999546942001382","Sun Sep 29 15:07:21 +0000 2024","0","@JhonSitorus_18 Gerombolan ini sedikit tapi berisik rese sungsang oleng politik rusuh ? Pilpres sdh selesai. Saatnya bersatu membangun negeri. Nanti kompetisi 5 tahun lagi. Yg lain sdh berpikir terbang ke mars mereka masih sibuk hujat caci maki","1840408026920182164","","JhonSitorus_18","in","","0","0","0","https://x.com/coolsmart179048/status/1840408026920182164","1828443480273887232","coolsmart179048"
"1840269124209152142","Sun Sep 29 15:07:16 +0000 2024","1","@askDika Bullshit. Keadaan Indonesia bisa kayaknya gini tuh soalnya lo pade kagak nerapin extreme thinking pas pilpres 2014 2019. Maunya cuma ngikut arus pendapat popular aja sekalian sok suci.","1840408005709558001","","askDika","in","Indonesia","0","1","0","https://x.com/ardfard101/status/1840408005709558001","154023272","ardfard101"
"1839799681146331210","Sun Sep 29 15:07:04 +0000 2024","0","@BungkusTukang Gerombolan ini sedikit tapi berisik rese sungsang oleng politik rusuh ? Pilpres sdh selesai. Saatnya bersatu membangun negeri. Nanti kompetisi 5 tahun lagi. Yg lain sdh berpikir terbang ke mars mereka masih sibuk hujat caci maki.","1840407956124303439","","BungkusTukang","in","","0","0","0","https://x.com/coolsmart179048/status/1840407956124303439","1828443480273887232","coolsmart179048"
"1840007198807863460","Sun Sep 29 15:06:01 +0000 2024","0","@hansssolo Gerombolan ini sedikit tapi berisik rese sungsang oleng politik rusuh ? Pilpres sdh selesai. Saatnya bersatu membangun negeri. Nanti kompetisi 5 tahun lagi. Yg lain sdh berpikir terbang ke mars mereka masih sibuk hujat caci maki","1840407693288513803","","hansssolo","in","","0","0","0","https://x.com/coolsmart179048/status/1840407693288513803","1828443480273887232","coolsmart179048"
"1840193477541503406","Sun Sep 29 15:05:41 +0000 2024","0","@aniesbaswedan Pak kemarin bicara sm lukisan kapan nih curhat sm pating Pancoran gua awalnya mau dkg bpk d pilpres berhubung kejiwaan bpk meragukan gua ga pilih pak anies d tanya pak Prabowo bpk jwb angin ga bktp kan mirim org gila eh kalah bicara sm lukisan","1840407608559350140","","aniesbaswedan","in","","0","0","0","https://x.com/YoesmarSam33952/status/1840407608559350140","1828074815804301312","YoesmarSam33952"
"1840391008766603661","Sun Sep 29 15:05:08 +0000 2024","0","@Bola_Jakarta Emang sudah seharusnya kita bergerak bersama menuntut pena out! Karena dari pilpres hingga pekan ke 7 permainan persija hancur! Gajelas taktiknya! Tidak ada perkembangan! Pemain ga jelas asal asalan! Emang sangat terlihat ADA HARGA ADA KUALITAS ! BLUNDER MENGGANTI TD","1840407467693674911","","Bola_Jakarta","in","Bali, Indonesia","0","0","0","https://x.com/pengusahababi_/status/1840407467693674911","1341902145163939840","pengusahababi_"
"1840381124205531255","Sun Sep 29 15:03:23 +0000 2024","8","@NenkMonica Salute lihat beliau !!!! Beliau tanpa sadar menerangkan cara Mulyono dan penguasa baru dan putra memenangkan pilpres dengan cara yg sama???? #DaruratPremanisme #BasmiPremanBeringas","1840407030433247462","","NenkMonica","in","hikawadai tokyo","0","1","1","https://x.com/DandyMa98365493/status/1840407030433247462","1517814342284021760","DandyMa98365493"
"1839839863262326875","Sun Sep 29 15:02:27 +0000 2024","0","@PngAdilnR4kyt Gerombolan ini Dikit tapi rese berisik sungsang oleng golongan politik rusuh. Pilpres sdh selesai. Saatnya bersatu membangun negeri. Nanti berkompetisi 5 tahun kedepan","1840406793580924981","","PngAdilnR4kyt","in","","0","0","0","https://x.com/coolsmart179048/status/1840406793580924981","1828443480273887232","coolsmart179048"
"1840243751333310600","Sun Sep 29 15:00:37 +0000 2024","177","@denismalhotra Pendukung pak @ganjarpranowo yang kalah Pilpres sakit hatinya sampai kemana mana","1840406332597522731","","denismalhotra","in","Indonesia ","2","8","4","https://x.com/arkaatmaja7/status/1840406332597522731","4388800344","arkaatmaja7"
"1840231827706970439","Sun Sep 29 15:00:20 +0000 2024","0","@emerson_yuntho Temannya Adalah Gmna Caranya Rafi Ahmad kemarin pas pilpres jagoan nya menang telak sedangkan lawan nya Keok Total wkwkkwkwkkw","1840406259604074914","","emerson_yuntho","in","Indonesia ","0","0","0","https://x.com/CahKeren212/status/1840406259604074914","4780916052","CahKeren212"
"1840166940230525199","Sun Sep 29 14:44:16 +0000 2024","0","@alief2223 @abu_waras @prabowo Kalo TOLOL minimal diem tong.. Lu liat debat pilpres 2014 &amp; 2019 mulyono JAUH lebih parah hinaan/fitnahan ke prabs","1840402220027949328","","alief2223","in","","0","0","0","https://x.com/ahmad_malmsteen/status/1840402220027949328","1472388522229202945","ahmad_malmsteen"
"1839840555586785659","Sun Sep 29 14:44:02 +0000 2024","0","@99propaganda @Ndons_Back @florieliciouss @are_inismyname @Bank_Joee_ @BANGSAygSUJUD @DarekaRendy @mas_veel @AndreasSolusi @Kimberley_PS08 @nanath27 ngawur si ulil. justru yg gue liat di medsos yg getol melanggengkan perkubuan itu adalah buzzer2 yg terafiliasi dgn Fufufafa mrk membuat istilah 58-24-16 mengacu pd persentase hasil pilpres.","1840402158371704840","","99propaganda","in","Indonesia","0","0","0","https://x.com/Gunalo5252621/status/1840402158371704840","1726981774407028736","Gunalo5252621"
"1839957020469821784","Sun Sep 29 14:41:05 +0000 2024","0","@Lukmandjattas @BosPurwa Buzzer KontoI malah belokim ke AI makanya tuh lu jangan ToIoI ini Kalimat dia utarakan sbelum Pilpres lu aja Dngo makanya Si Beler dpt 58%","1840401418626502973","","Lukmandjattas","in","Ontario, CA","0","0","0","https://x.com/MLACKMINK/status/1840401418626502973","1582403544082096129","MLACKMINK"
"1840400552569811266","Sun Sep 29 14:40:27 +0000 2024","0","@akuratco Alhamdulillah. Tadi HT terus ditinggal ke lapangan voli nyuporteri pordes.","1840401255962935578","","akuratco","in","Indonesia","0","0","0","https://x.com/MohArifWidarto/status/1840401255962935578","14508092","MohArifWidarto"
"1840205360164155458","Sun Sep 29 14:39:13 +0000 2024","0","@PngAdilnR4kyt Bukan cerita nyata @aniesbaswedan kalah pilpres https://t.co/giv6E6maOS","1840400945613820183","https://pbs.twimg.com/ext_tw_video_thumb/1840400864793767936/pu/img/xQwmy8Sxx1BYUitS.jpg","PngAdilnR4kyt","in","","0","0","0","https://x.com/HermanB451631/status/1840400945613820183","1711946750137921536","HermanB451631"
"1839695524506767830","Sun Sep 29 14:32:59 +0000 2024","0","@enuk6565 @S4N_W1B1 Balas Budi apa. ? Wiwi itu yg utang Budi sama Prabowo mau jadi gubernur pakai uang Hasim adek Prabowo . Blm selesai 5 thn gubernur malah maju melawan Prabowo 2014. Kalau kemenangan pilpres 2024 efek Jokowi hanya 2 koma persen sesuai jumlah suara partai PSI itu kan partai Jokowi .","1840399376776364537","","enuk6565","in","Kota Batam, Kepulauan Riau","0","0","0","https://x.com/pootr4timbau/status/1840399376776364537","1828375352760246275","pootr4timbau"
"1839915405361721683","Sun Sep 29 14:31:30 +0000 2024","0","@AryBandung Mereka yg penting posting sebanyak2nya karena memang mau menggagalkan hasil Pilpres. Saking mau postngnya otaknya ketinggalan di gorong2.","1840399005316186615","","AryBandung","in","Ibu Pertiwi Nusantara","0","0","0","https://x.com/wongmlaku/status/1840399005316186615","85390931","wongmlaku"
"1840397547971739782","Sun Sep 29 14:25:43 +0000 2024","0","Pada hari Minggu tanggal 29 September 2024 Personil Polsek Linggabayu melaksanakan kegiatan Cooling System dalam menghadapi Situasi Jelang Pelantikan Pilpres dan Jelang Pilkada Gubernur Sumut dan Bupati Madina 2024. https://t.co/ssc1bbliTe","1840397547971739782","https://pbs.twimg.com/media/GYpnzrHboAA6s35.jpg","","in","","0","0","0","https://x.com/PolsekLing62979/status/1840397547971739782","1768901743465897984","PolsekLing62979"
"1840396356919173349","Sun Sep 29 14:20:59 +0000 2024","3","Seluruh data sosialisasi dr berbagai kanal dapat dipahami kenapa masih rendah. Karena survei dilakukan sebelum masuk jadwal sosialisasi paslon. Bahan kampanye baru boleh dipasang per 25 September. Nanti pun tak akan begitu ramai. Karena duit sdh banyak terserab pileg&amp; pilpres.","1840396356919173349","","","in","Indonesia","0","1","0","https://x.com/ferrykoto/status/1840396356919173349","24893875","ferrykoto"
"1840396028371227027","Sun Sep 29 14:19:40 +0000 2024","0","Klu lg gk mencalonkan diri.mungkin gk mintak maaf min...rkytnya sdh pinter lht negrinya setiap mau pilpres atau pilkada bgt adanya.","1840396028371227027","","","in","","0","0","0","https://x.com/MissKirenkepo/status/1840396028371227027","1196927638704545792","MissKirenkepo"
"1839744963384619211","Sun Sep 29 14:14:58 +0000 2024","0","@herculep638 Pilpres udah selesai masih aja kampanye pake kaos sampe jan ethes gede dan berotot","1840394844377936353","","herculep638","in","","0","0","0","https://x.com/noissz2/status/1840394844377936353","1398053732735016966","noissz2"
"1839812222224347610","Sun Sep 29 14:11:20 +0000 2024","0","@gtobing2903 @pandji @aniesbaswedan Kelakuan penies (pendukung anies) ini emang lucu2 stelah junjungannya kalah pilpres Kasian sdh stres sejak 2014 lanjut 2019 lanjut 2024 lanjut sampe 2029 ","1840393931248611350","","gtobing2903","in","","0","0","0","https://x.com/kenanganpenuh/status/1840393931248611350","862362847644237824","kenanganpenuh"
"1840153915180101909","Sun Sep 29 14:08:05 +0000 2024","0","@ommi_siregar Padahal posisi SBY ketika lengser dl 2014 dengan posisi Jokowi skrg 2024 berbeda sama sekali SBY lengser dengan posisi KALAH Pilpres dan menjadi Oposisi. SedgknJokowi lengser dgn posisi menang Pilpres anaknya yg jadi wapres nya dan mungkin nanti akan jd Ketua Wantimpres (DPA)","1840393113912877169","","ommi_siregar","in","jakarta","0","1","0","https://x.com/juherman1/status/1840393113912877169","423261087","juherman1"
"1839742761349853249","Sun Sep 29 14:07:28 +0000 2024","0","@sociotalker Coba lo nyalon jadi bupati walikota apa ada yang mau pilih kamu?? Dianudah 5x menang pilkada pilpres....logika katanya dosen di Singapore kok SEGOBLOK ITU.","1840392958362915227","","sociotalker","in","Prague, Czech Republic","0","0","0","https://x.com/calonmiliarderX/status/1840392958362915227","1711944920049864704","calonmiliarderX"
"1840389389345763450","Sun Sep 29 13:53:17 +0000 2024","16","Hadeuh ternyata emang pendukung si anies ini bener2 ya empatinya ga ada dari ribuan bobrok nya si RK yg lu serang kematian anaknya dasar dongok pantes Pilpres kalah.","1840389389345763450","","","in","Jakarta Capital Region","0","0","3","https://x.com/polisiolahraga/status/1840389389345763450","2459065278","polisiolahraga"
"1840387777067930001","Sun Sep 29 13:46:53 +0000 2024","0","Ku inget banget pertama ngerti pilpres itu pas TK jaman jamannya pak sby tahun 2004 kayanya ya ampunn time flies so fast beliau udh makin sepuh Bu Ani udh pergi ","1840387777067930001","","","in","131","0","0","0","https://x.com/Starrynight_131/status/1840387777067930001","1122347638668447744","Starrynight_131"
"1840259901312118803","Sun Sep 29 13:46:26 +0000 2024","1","@AndiPitopang7 Sampai kayak gini memaksanya Indikasi kalah pilpres","1840387662487896109","","AndiPitopang7","in","","0","0","0","https://x.com/alnadhiff/status/1840387662487896109","1168359961","alnadhiff"
"1840386819051196641","Sun Sep 29 13:43:05 +0000 2024","2","Janji di Debat Pilpres Prabowo akan Bangun 3 Juta Rumah Layak Huni untuk Warga Miskin! https://t.co/iGu6N61Hfg","1840386819051196641","","","in","Indonesia","0","0","0","https://x.com/KompasTV/status/1840386819051196641","71436318","KompasTV"
"1840384645411872857","Sun Sep 29 13:34:26 +0000 2024","0","Satu jari ke orang 4 jari ke ditinggal sendiri iya kan @ruhutsitompul bentar lg puja puji Prabowo-Gibran padahal pas pilpres macam apa ....dah biasa sih dalam politik","1840384645411872857","","","in","Jakarta Capital Region","0","0","0","https://x.com/Lembayung071/status/1840384645411872857","1227499861580251136","Lembayung071"
"1840059841693528252","Sun Sep 29 13:33:55 +0000 2024","0","@Malangraya_info @infomalang @yusufgunawan @ipoksamidub @Senaputra_FM Kalo ada wacana diskusi seperti desak Anies slepet imin tabrak prof seperti di pilpres.. lebih baik diagendakan.. biar bisa membedah isi otak masing-masing kandidat","1840384513907757557","","Malangraya_info","in","Indonesia","0","0","1","https://x.com/bobybony/status/1840384513907757557","227231767","bobybony"
"1839862694910018047","Sun Sep 29 13:25:14 +0000 2024","0","@14adamame @nalar_logis @akbarfaizal68 @gibran_tweet @jokowi Dan salah satu perusahaan yg sdh lama merencanakan utk ekspansi ke Indonesia tapi memutuskan mundur setelah penetapan hasil pilpres . Ada yang bisa memperkirakan apa alasan sebenernya?","1840382328851607647","","14adamame","in","","0","0","0","https://x.com/fii_soedibyo/status/1840382328851607647","1152851329573720064","fii_soedibyo"
"1840350131528569260","Sun Sep 29 13:21:27 +0000 2024","1","@yudiharahap46 Emang gede banget mas ongkos demokrasi kita. pilpres pileg maupun pilkada. Semua pil-pil ini gak masuk kalau dikonversi ke gaji saat mereka menjabat.","1840381376241287527","","yudiharahap46","in","Bekasi, Jawa Barat","0","0","0","https://x.com/enjang_as/status/1840381376241287527","267655183","enjang_as"
"1840381124205531255","Sun Sep 29 13:20:27 +0000 2024","398","QODARI : Dengan Suara dari Jokowi Prabowo bisa memenangkan Pilpres . Woooow..... Sangat merendahkan sekali ! https://t.co/d7jXvKqFYw","1840381124205531255","https://pbs.twimg.com/ext_tw_video_thumb/1840380991845892096/pu/img/TbkgDoePHi0mjV8e.jpg","","in","Cengkareng, Indonesia","21","84","226","https://x.com/NenkMonica/status/1840381124205531255","1040306964100669440","NenkMonica"
"1840381021705081013","Sun Sep 29 13:20:02 +0000 2024","0","Wkwkwkw tadi iseng ngecek hasil pilpres di kabupaten Manggarai Barat kecamatan labuan bajo 02 yg menang","1840381021705081013","","","in","","0","0","0","https://x.com/nhantrang_tali/status/1840381021705081013","1170543974253154304","nhantrang_tali"
"1840380177567907884","Sun Sep 29 13:16:41 +0000 2024","0","Untunglah Raven cetak gol.","1840380177567907884","","","in","Indonesia","0","0","0","https://x.com/MohArifWidarto/status/1840380177567907884","14508092","MohArifWidarto"
"1840375557428850696","Sun Sep 29 13:13:14 +0000 2024","0","@nolilalelo next pilpres pilih aku ya aku buat senin jadi tanggal merah ","1840379308290068764","","nolilalelo","in","","0","0","0","https://x.com/theycallmedin/status/1840379308290068764","1830464729925697536","theycallmedin"
"1840170838391435449","Sun Sep 29 13:13:06 +0000 2024","0","@Mdy_Asmara1701 Dia yakin bakal menang cm sekelas pilkada sekelas pilpres aja bs diatur","1840379274681012733","","Mdy_Asmara1701","in","","0","0","0","https://x.com/huhuhahaa48/status/1840379274681012733","1681662668770353153","huhuhahaa48"
"1840368934463410393","Sun Sep 29 13:12:40 +0000 2024","0","@SandityaFirman Hahaha... apaan yaaa? Tp tahun ni keliatan dr baliho di jalanan ga rame utk Cawalkot dan Cagub tahun ini. Mungkin bujet dah habis di Pilpres kemarin","1840379165104894000","","SandityaFirman","in","Hong Kong","0","0","0","https://x.com/djfarezki/status/1840379165104894000","46568419","djfarezki"
"1840056547956928881","Sun Sep 29 13:11:48 +0000 2024","0","@IwaanAkhmad @FDonghun Siapa yg ajak golput? Ya gak apa toh memilih di pilpres/pileg/pilkada kan bukan kewajiban tapi Hak warga negara","1840378946468053118","","IwaanAkhmad","in","","0","0","0","https://x.com/eeh_ito/status/1840378946468053118","540819652","eeh_ito"
"1840370048986399078","Sun Sep 29 13:10:34 +0000 2024","0","@marveel46 @ardi_tama1 Dari pilpres 2019 udah kelihatan level ilmu ekonominya kok","1840378638912651744","","marveel46","in","","0","0","0","https://x.com/lutfithe13th/status/1840378638912651744","6689892","lutfithe13th"
"1840197617319571750","Sun Sep 29 13:08:09 +0000 2024","1","@sourvive Anak² gak berguna seperti itu gapapa sih dilibas.","1840378029505433812","","sourvive","in","Indonesia","0","0","0","https://x.com/MohArifWidarto/status/1840378029505433812","14508092","MohArifWidarto"
"1840377919052689771","Sun Sep 29 13:07:43 +0000 2024","0","pernyataan pemungkas anies di debat pertama pilpres 2024 https://t.co/YOMEezxt2E","1840377919052689771","","","in","","0","0","0","https://x.com/infotips75/status/1840377919052689771","1676988628696961030","infotips75"
"1840377298257883280","Sun Sep 29 13:07:15 +0000 2024","3","Kalo ada yang ngira gua pro mulyono gua pukul beneran ya. Gua ga pro siapa2. Silakan scroll pendapat gw seputar pilpres tahun ini. Gw aja golput karena semua calon di mata gue iblis semua.","1840377804816572596","","ElokPutput","in","JKT - SDA","0","0","1","https://x.com/ElokPutput/status/1840377804816572596","499732180","ElokPutput"
"1840377025548472662","Sun Sep 29 13:04:10 +0000 2024","0","Bagong teh ah giveaway diseret2 kana urusan pilpres amrik...tahh ku aing dibere reply siga kieu...lebok siah! Wkwkwkwk https://t.co/W3VoUqe0Si","1840377025548472662","https://pbs.twimg.com/media/GYpVI0ebgAAGcmE.jpg","","in","Garut, Indonesia","0","0","0","https://x.com/0x_pedzwin/status/1840377025548472662","1820753333747122176","0x_pedzwin"
"1840376269441245224","Sun Sep 29 13:01:09 +0000 2024","0","pernyataan pemungkas anies di debat pertama pilpres 2024 https://t.co/4ipV7zcqXm","1840376269441245224","","","in","","0","0","0","https://x.com/UpdateBuzz25844/status/1840376269441245224","1830087299440521216","UpdateBuzz25844"
"1840374388434374884","Sun Sep 29 12:53:41 +0000 2024","0","Jens Raven kualitasnya hanya seperti itu?","1840374388434374884","","","in","Indonesia","0","0","0","https://x.com/MohArifWidarto/status/1840374388434374884","14508092","MohArifWidarto"
"1840179820803829967","Sun Sep 29 12:45:23 +0000 2024","0","@Andria75777 Waduh! Kaga jd dong pelantikan? Pilpres ulang dong? Abah ikutan gak? Wkwkwk","1840372301893898280","","Andria75777","in","","0","0","0","https://x.com/FerryHiday14953/status/1840372301893898280","1779165049762000897","FerryHiday14953"
"1840370501987782737","Sun Sep 29 12:44:33 +0000 2024","2","Dan tahun 2023 lalu tetangganya di sebelah selatan: kabupaten yahukimo mengalami krisis pangan sd tjd masa tanggap darurat bencana kelaparan. Puluhan orang juga wafat ironisnya #mulyono lagi bagi2 bansos dimana2 jelang pilpres. #papuajugaIndonesia #korbanmulyono","1840372092283601357","","shintaeffendi","in","Nusantara","0","1","1","https://x.com/shintaeffendi/status/1840372092283601357","46523425","shintaeffendi"
"1839489010848460839","Sun Sep 29 12:38:25 +0000 2024","0","@Ki_Nusantara99 @dika_maxelyou @IrwanResma48922 @zy_zy_lestary @adri_7i @gtobing2903 Muliono peak pilpres menang hasil curang sama KPU aja bangga lu pir ","1840370548267991341","","Ki_Cebong99","in","","0","0","0","https://x.com/ZeroPnumbra/status/1840370548267991341","1543778714059620353","ZeroPnumbra"
"1840235998829261222","Sun Sep 29 12:30:20 +0000 2024","3","@DedynurPalakka Jiahahaaaa jgn slalu bawa2 pak Prabowo beliau org baik 2x pilpres disleding mulyono lu cukup jd tkngcebox mulyono aja. Ga ada yg memecah belah ato adu domba tp kita beradu argumen aja. Politik tanpa moral itu sampah yg tdk bs ddaur ulang @brother_djon @choymarkochoy","1840368512730280090","","DedynurPalakka","in","","0","2","0","https://x.com/kanjeng_bejo/status/1840368512730280090","1546684731613274113","kanjeng_bejo"
"1840354555433046044","Sun Sep 29 12:26:32 +0000 2024","2","@aimboy_xx Ngemeng doang ajg segala bayangin lagi ajg wkwk lagian SSK bukan kayak pilpres njing SSK mah walaupun orangnya gak banyak tapi satu dua orang tapi ngevotenya banyak banget lebih berarti daripada orangnya banyak tapi cuma dianggap semisal 1 vote doang","1840367556512657869","","aimx_xx","in","","0","0","0","https://x.com/KunKunKunKlan/status/1840367556512657869","1817879318577790976","KunKunKunKlan"
"1840365996345082320","Sun Sep 29 12:25:11 +0000 2024","0","@impersonath kamu kemarin saksi pilpres juga gak mas","1840367215272460766","","impersonath","in","","0","1","0","https://x.com/neicfc/status/1840367215272460766","1407197786555129871","neicfc"
"1839672581622038870","Sun Sep 29 12:20:51 +0000 2024","0","@anonjawa Pasangan ini memang tolol banget anjing gw ga akan pernah lupa tu dua orang gimana babinya pas pilpres dan sekarang cuci tangan saban hari","1840366125076599065","","anonjawa","in","","0","0","0","https://x.com/luhuttzy/status/1840366125076599065","1640318318799392769","luhuttzy"
"1839492321777438973","Sun Sep 29 12:20:01 +0000 2024","0","@PartaiSocmed Ternyata yang balas cuitan banyak yang dungu. Ya memang 20 Oktober 2024 yad wapres bakal diganti.","1840365918511370286","","PartaiSocmed","in","Indonesia","0","0","0","https://x.com/MohArifWidarto/status/1840365918511370286","14508092","MohArifWidarto"
"1840364315674652864","Sun Sep 29 12:13:39 +0000 2024","0","Pilkada (Bukan) Rasa Pilpres Berita Terkini Medan Sumut https://t.co/bmwADEvI99","1840364315674652864","","","in","","0","0","0","https://x.com/MimbarAndalas_/status/1840364315674652864","1613814837985050624","MimbarAndalas_"
"1839996786368213015","Sun Sep 29 12:10:47 +0000 2024","0","@PKSJaksel Narasinya sama dengan pilpres. Wajib bgt satu putaran bosku?","1840363594443374954","","PKSJaksel","in","Pematang Siantar, Indonesia","0","0","0","https://x.com/NADHADELUHISM/status/1840363594443374954","600840504","NADHADELUHISM"
"1839829322993189034","Sun Sep 29 12:08:49 +0000 2024","0","@sholikhul11 @Andikaperkasa09 @hendrarprihadi Wong lagi bahas pilkada Jateng.. malah ungkit pilpres.. Dasar celeng IQ 58 https://t.co/JKAtWSzYdq","1840363098474983516","https://pbs.twimg.com/media/GYpIfBbaoAINjdZ.jpg","sholikhul11","in","","0","0","0","https://x.com/GM_Warrios/status/1840363098474983516","1263109250466762757","GM_Warrios"
"1839996786368213015","Sun Sep 29 12:05:32 +0000 2024","0","@PKSJaksel Yg survey kang survey Pilpres kemaren ","1840362271719215286","","PKSJaksel","in","","0","0","0","https://x.com/Momocimo2019/status/1840362271719215286","1269624579703668738","Momocimo2019"
"1839955680855502869","Sun Sep 29 12:01:09 +0000 2024","0","@PartaiSocmed ini pilpres &amp; wapres...apa pemilihan RT/RW bisa seenaknya Gonta ganti Wapres️","1840361167564558773","","PartaiSocmed","in","TANGERANG - BANTEN","0","0","0","https://x.com/razzaqq_al/status/1840361167564558773","4639509282","razzaqq_al"
"1840360787669565498","Sun Sep 29 11:59:38 +0000 2024","0","Dampak terbesar dari paslon pilpres yang menang dengan strategi merakyat alias joget2 &amp; remix lagu jedag jedug adalah sekarang kita juga harus lihat para paslon pilkada jiplak strategi yang sama. Bener2 polusi visual suara dll sekaligus memundurkan demokrasi bangsa.","1840360787669565498","","","in","Indonesia","0","0","1","https://x.com/esaesavii/status/1840360787669565498","133621652","esaesavii"
"1840005337635799517","Sun Sep 29 11:58:22 +0000 2024","0","@AirinDatangLagi Sudah bergeser. Kandang banteng sudah beralih jadi kandang Rajawali. Pilpres kemarin harusnya berkaca diri","1840360466599854554","","AirinDatangLagi","in","Yogyakarta","0","0","0","https://x.com/adiansyahdompu/status/1840360466599854554","93762902","adiansyahdompu"
"1840360217038733564","Sun Sep 29 11:57:22 +0000 2024","0","Waktu pilpres aja dia blunder di jatim hahhaa eeeh suruh LG jd timses","1840360217038733564","","","in","Between Anyer and Jakarta","0","0","0","https://x.com/Tehhmaniz/status/1840360217038733564","3138720908","Tehhmaniz"
"1840068980238889053","Sun Sep 29 11:55:20 +0000 2024","3","@geloraco @didienAZHAR Kepada aparat kepolisian perlu diajarkan lagi mengenai asas praduga tak bersalah dan perilaku cengkiling alias ringan tangan negatif harus dihentikan.","1840359705048146415","","geloraco","in","Indonesia","0","0","0","https://x.com/MohArifWidarto/status/1840359705048146415","14508092","MohArifWidarto"
"1840283302835695757","Sun Sep 29 11:55:06 +0000 2024","125","@alisyarief Idayati adalah saksi kunci krn ybs adalah mantan istri Alm. Hari Mulyono. Data (termasuk Ijazah) &amp; photonya diduga kuat oleh Bambang Tri &amp; Advokat bang Eggy Sudjana digunakan oleh Mulyono utk ikut kontestasi Cawalkot hg Pilpres.","1840359645589725338","","alisyarief","in","Jakarta","1","4","9","https://x.com/repoeblikan/status/1840359645589725338","280298505","repoeblikan"
"1840357995106165126","Sun Sep 29 11:52:02 +0000 2024","0","@tvOneNews Akhirnya realistis.","1840358873796169826","","tvOneNews","in","Indonesia","0","0","0","https://x.com/MohArifWidarto/status/1840358873796169826","14508092","MohArifWidarto"
"1839862694910018047","Sun Sep 29 11:50:33 +0000 2024","2","@jpgFontArial @nalar_logis @akbarfaizal68 @gibran_tweet @jokowi Membuka lapangan kerja bukan berarti pemerintah bangun pabrik tapi salah satunya membuat aturan. Pantes pilpres kalah terus pemilihnya kayak gini","1840358499538374730","","jpgFontArial","in","","0","0","0","https://x.com/SastroSamin1/status/1840358499538374730","1572898908757700608","SastroSamin1"
"1840301943765512584","Sun Sep 29 11:49:27 +0000 2024","1","@HqnsEHP Buzzer Anak Abah lagi mendongkrak abahnya.. tapi gak laku utk 5 tahun ni Pilpres kalah pilkada gak diajak","1840358223053996362","","HqnsEHP","in","Sumbar","0","0","0","https://x.com/cinta_damai99d/status/1840358223053996362","2285295595","cinta_damai99d"
"1840239605142155451","Sun Sep 29 11:41:31 +0000 2024","1","@tempodotco Mulai aksi2 balikin modal pilpres 4x","1840356229291368821","","tempodotco","in","","0","0","0","https://x.com/Adventurou70727/status/1840356229291368821","1698524920714768384","Adventurou70727"
"1839703758693081193","Sun Sep 29 11:36:25 +0000 2024","0","@RaisaTjokrodnta Otak mu di mana kok nilai org tdk pakai pikiran ? Klu anies ngk pintar.. Mn mungkin dia Di jegal Di pilpres dan cagub jkt.. Emang enak..Jadi org bodoh kek loe ? Asal ngecap aja krn jd Buzzer Brengsek.","1840354942625997134","","RaisaTjokrodnta","in","","0","0","0","https://x.com/ahadnet392613/status/1840354942625997134","1682977897366298624","ahadnet392613"
"1839829322993189034","Sun Sep 29 11:30:38 +0000 2024","0","@GM_Warrios @Andikaperkasa09 @hendrarprihadi Sejak debat pilpres saya udah ogah liat wajah rambut putih Songong...akhirnya tenggelam dengan sendirinya di blok saya 2rt cuma dapet 5doang waktu pilpres kasian","1840353487663857878","","GM_Warrios","in","Pesanggrahan, Indonesia","0","1","0","https://x.com/sholikhul11/status/1840353487663857878","1558344685","sholikhul11"
"1840002168813957499","Sun Sep 29 11:23:54 +0000 2024","0","@JackGoekk @AndrewsTjan Iya gua sejujurnya merasa lebih enak ngobrol sama chatgpt.. banyak perspektif yang gua terima engga mentok di pilpres kemarin doang.. haha","1840351794192601132","","JackGoekk","in","Jakarta, Indonesia","0","0","0","https://x.com/Chlomirxm/status/1840351794192601132","112065680","Chlomirxm"
"1840345317624942836","Sun Sep 29 11:19:14 +0000 2024","1","@cryptondo @Fealty_Joslyn Mata lu isu skg udh pivot+stimulus besar besaran+pilpres aja gabisa bawa New ath sebelum perang tanpa 3 hal diatas aja bisa new ath apalagi yg bikin market seret selain geopolitik yg memanas di middle east? Badut tolol","1840350621674901732","","cryptondo","in","","0","2","0","https://x.com/Looki6072/status/1840350621674901732","1484603225345265664","Looki6072"
"1821766627257676218","Sun Sep 29 11:15:42 +0000 2024","0","@cryptondo @RifqyBenus Perang gaberdampak nyenyenye! Bahkan sebelum BTC new ath itu tanpa stimulus dan pivot sekarang udh dibantu stimulus+pivot bonus pilpres kok gabisa new ath lagi? Kurang kuat news nya? Mau news apalagi? Sipp perang regional di middle east gk berdampak skg BTC udh 200k nyenyenye","1840349730204959219","","cryptondo","in","","0","0","0","https://x.com/Looki6072/status/1840349730204959219","1484603225345265664","Looki6072"
"1840223054364062079","Sun Sep 29 11:15:25 +0000 2024","0","@anasurbaningrum ↕️ Bung Said Didu menegaskan bahwa mobil itu komando Ormas keagamaan tapi pikiran sy jg digiring kalau 58 itu adalah simbol prosen angka 58 kemenangan Presiden-Wapres terpilih di Pilpres Februari lalu.","1840349658448892083","","MohammadAfiyan2","in","Mojosari, Indonesia","0","0","0","https://x.com/MohammadAfiyan2/status/1840349658448892083","790644622947028992","MohammadAfiyan2"
"1821766627257676218","Sun Sep 29 11:10:02 +0000 2024","0","@cryptondo @RifqyBenus Badut itu hoki karena perangnya gajadi tapi berasa dewa analisis mentingin ego daripada hindari resiko. Inget stimulus+pivot+pilpres bahkan gabisa bawa btc minimal diatas 70k huahuahuahua","1840348306704117889","","cryptondo","in","","0","0","0","https://x.com/Looki6072/status/1840348306704117889","1484603225345265664","Looki6072"
"1821766627257676218","Sun Sep 29 11:06:48 +0000 2024","0","@cryptondo @RifqyBenus Stimulus besar besaran+pivot+pilpres tapi cuma dibawah 70k huahuahuahuahuaaaaa ","1840347491637879109","","cryptondo","in","","0","0","0","https://x.com/Looki6072/status/1840347491637879109","1484603225345265664","Looki6072"
"1840287211583090745","Sun Sep 29 11:04:37 +0000 2024","0","@gorengancuyy @jokowi masih disini aja ini sampah..... udah dibilangin kamu ini sampah! golput sok sok-an nilai orang.....udah Sono...dapuranmu ga penting golput banyak gaya....segala dikomentari....waktu pilpres sembunyi...udah rampung pilpres keluar jadi superhero sampah kau itu golput! huss!","1840346939482894595","","gorengancuyy","in","","0","1","0","https://x.com/Anwar6993312370/status/1840346939482894595","1751647048867471360","Anwar6993312370"
"1821766627257676218","Sun Sep 29 10:58:11 +0000 2024","1","@cryptondo @RifqyBenus Juahahaha kirain BTC udah di 100K sebelum pilpres aja gakuat apalagi setelah pilres juahahahahaha","1840345323132366882","","cryptondo","in","","0","1","0","https://x.com/Looki6072/status/1840345323132366882","1484603225345265664","Looki6072"
"1839498684008165572","Sun Sep 29 10:50:28 +0000 2024","0","@kopi_pahit_ @_EriManday_ @AjiTeguh04 Kalau gw tantangl loe mubahalah gimana...? Berani ngak...? Kalau pilpres dan pileg kemaren gw ngak milih caleg² pks maka gw dan keluarga akan dilaknat Alloh kalau gw milik caleg² @PKSejahtera loe dan keluarga akan dilaknat Alloh Berani....?","1840343381207060853","","kopi_pahit_","in","jakarta","0","1","0","https://x.com/daffaditya/status/1840343381207060853","238439743","daffaditya"
"1840258975058862326","Sun Sep 29 10:40:54 +0000 2024","1","@adith_wp @ihsanbiantoro loo iya tohh wes bersuara mengeluh bolak balik dr jaman sblm pilpres wes kadung kepilih penerusnya skrng udah di tahap bersuara pun wes kadung nyemplung got semua indonesia ini wkwk ","1840340970900168782","","adith_wp","in","","0","2","0","https://x.com/litanara/status/1840340970900168782","99713732","litanara"
"1839844978610319411","Sun Sep 29 10:36:46 +0000 2024","1","@Anak__Ogi Rambo bintang 4 koq turun derajat ikut pilgub. Harusnya levelnya pilpres gengsi donk","1840339934559019227","","Anak__Ogi","in","ÜT: -6.3065997,106.8530719","0","0","0","https://x.com/sudjiatmoko/status/1840339934559019227","54895105","sudjiatmoko"
"1840202769774588300","Sun Sep 29 10:35:00 +0000 2024","0","@jojo_botak Saya sudah prediksi sejak Pilpres kemenangan PS diduga akan mengembalikan gaya orba. Kita akan sering melihat seperti ini nanti masyarakat sipil dipaksa ikut dan harus satu warna dengan rezim tapi oligarki mereka akan bebas berbuat sesuka hati.mundur lg","1840339489098768513","","jojo_botak","in","","0","0","0","https://x.com/RjSonakMalela14/status/1840339489098768513","2527721916","RjSonakMalela14"
"1840024257780429241","Sun Sep 29 10:23:41 +0000 2024","0","@hariqosatria pantesan kalah pilpres terus....kualitas iq nya se minim ituuu ‍️‍️","1840336638951805360","","hariqosatria","in","Indonesia","0","0","0","https://x.com/wddharsono/status/1840336638951805360","322126030","wddharsono"
"1840336579837284852","Sun Sep 29 10:23:27 +0000 2024","0","Madiun panas bgt kayak debat pilpres aja","1840336579837284852","","","in","","0","0","0","https://x.com/Lotuss_1/status/1840336579837284852","1327979230152454144","Lotuss_1"
"1840284757491626326","Sun Sep 29 10:17:13 +0000 2024","1","@rudysirwi @penyebaracun Ya bs ikut pilpres krna uu nya diubah oleh paman nya lalu diguyur pake apbn utk bansos oleh ayahnya yg hampir mencapai 500T. Belum lagi kecurangan nya yg ini... https://t.co/cDDRtqCRyp","1840335013876756711","","rudysirwi","in","","0","0","1","https://x.com/JinNonik/status/1840335013876756711","703898335745146880","JinNonik"
"1840333679408906486","Sun Sep 29 10:11:55 +0000 2024","0","Dan fenomena ambles nya kelas menengah ini berkali2 disinggung mas anies saat Debat Pilpres kemarin. Kalau kelas menengah ini sedang bleeding. Semoga pemerintahan baru bisa dorong kelas menengah kembali naik soalnya daya beli mereka sangat menentukan pertumbuham UMKM.","1840333679408906486","","","in","Jakarta","0","0","0","https://x.com/radhiankhalif/status/1840333679408906486","286010660","radhiankhalif"
"1840303324626911396","Sun Sep 29 10:01:40 +0000 2024","2","@zha_lim8 @UpdateBolabola Kalau beneran lolos jadi wni terus ada parpol nyalonin dia di pilpres pasti kepilih sih. Asli","1840331101631553602","","zha_lim8","in","","0","0","0","https://x.com/AhmadMuhdi5/status/1840331101631553602","1257058752","AhmadMuhdi5"
"1840330993732923848","Sun Sep 29 10:01:15 +0000 2024","5"," sejak seminggu after penetapan Pilpres KPU aja udah beredar hoax hoax menteri udah gitu pada memviralkan pula kek percaya gitu sis","1840330993732923848","","","in","Somewhere over the rainbow ","0","1","0","https://x.com/DakotaGeorgy/status/1840330993732923848","1717067783165620224","DakotaGeorgy"
"1839996786368213015","Sun Sep 29 10:00:14 +0000 2024","0","@PKSJaksel Menang dg cara seperti pilpres yg kemarin??","1840330740783108576","","PKSJaksel","in","","0","0","0","https://x.com/ayah_odie/status/1840330740783108576","1742166014652268544","ayah_odie"
"1840328599825719650","Sun Sep 29 10:00:03 +0000 2024","1","@AryBandung Dari sejak penetapan hasil pilpres KPU aja uda keluar hoax menteri kabinet yah ","1840330693672595813","","AryBandung","in","Somewhere over the rainbow ","1","2","0","https://x.com/DakotaGeorgy/status/1840330693672595813","1717067783165620224","DakotaGeorgy"
"1839463464626204898","Sun Sep 29 09:58:16 +0000 2024","0","@bachrum_achmadi Masih banyak kelompok sakit hati akibat junjungannya kalah di pilpres anak Abah anak Abah bikin rusuh wkwkwkwkwkwj","1840330243963486373","","bachrum_achmadi","in","","0","0","0","https://x.com/AbrahamImm36753/status/1840330243963486373","1826190109672423424","AbrahamImm36753"
"1840192267438698614","Sun Sep 29 09:53:28 +0000 2024","0","@democrazymedia Sebelum Jokowi capres teks Revolusi Mental itu sdh ada di PDIP.. Megawati dan partainya ikut bertanggung jawab.. jangan krn capresnya kalah pilpres mau cuci tangan.. bagus Jokowi dan keluarganya lepas dari PDIP.. mengurangi dominasi kekuasaan..","1840329035940856007","","democrazymedia","in","Jakarta","0","0","0","https://x.com/Makmur13745478/status/1840329035940856007","1098790982856757251","Makmur13745478"
"1840253502930719186","Sun Sep 29 09:50:31 +0000 2024","0","@exvianpro Apakah ini ada pengalihan isu pilpres as","1840328291863138305","","exvianpro","in","","0","0","0","https://x.com/Ragil16950645/status/1840328291863138305","1348688448119443457","Ragil16950645"
"1839819018129289590","Sun Sep 29 09:49:15 +0000 2024","0","@Mdy_Asmara1701 Karena Anies merendahkan partai2 jadi tdk ada yg mau mengusungnya utk pilkada.. Anies diajak bergabung ke partai yg pernah mengusungnya tdk mau.. deklarator Nasdem tapi nunggu menang pilpres dulu.. ibarat enak di elo gak enak di gue.. biaya politik besar.. bijaklah Anies..","1840327975390380092","","Mdy_Asmara1701","in","Jakarta","0","0","0","https://x.com/Makmur13745478/status/1840327975390380092","1098790982856757251","Makmur13745478"
"1839908267914568012","Sun Sep 29 09:46:12 +0000 2024","0","@denismalhotra Tidak terbantahkan kalau melihat kelakuan anak Mulyono selama kampanye pilpres sudah jelas dia fufufafa","1840327205454553525","","denismalhotra","in","Manado","0","0","0","https://x.com/KomangAgustria/status/1840327205454553525","1097991295","KomangAgustria"
"1839260060146610521","Sun Sep 29 09:35:33 +0000 2024","0","@binlatif @VeritasArdentur Ngamok? Sorry yeeee.... Ngamok tuh ga terima hasil pilpres trus berasa jadi representasi rakyat. Sorry yeee","1840324526691041585","","binlatif","in","","0","1","0","https://x.com/inventaris_mu/status/1840324526691041585","1583979175399997442","inventaris_mu"
"1840261434992930951","Sun Sep 29 09:31:37 +0000 2024","0","@msaid_didu Ikuti saja persidangannya jangan menduga2 menuduh aparat.. nanti salah paham lagi makin besar jatuh korban.. apa gak kasihan dgn keluarga korban? Mencari keadilan sulit hanya jadi komoditas Anies buat debat pilpres..","1840323535937626617","","msaid_didu","in","Jakarta","0","0","0","https://x.com/Makmur13745478/status/1840323535937626617","1098790982856757251","Makmur13745478"
"1840277735425618315","Sun Sep 29 09:29:36 +0000 2024","6","@Yokanang_ Inilah yg menarik ketika ada sousenkyo Vibes Pilpres akan terasa di fandom ino","1840323030511493604","","Yokanang_","in","","0","1","0","https://x.com/KingSenSen4/status/1840323030511493604","1572486562583281664","KingSenSen4"
"1840286945215168904","Sun Sep 29 09:24:44 +0000 2024","1","@jakapujakesuma1 Rentetan peristiwa saling berhubungan bak pazel dari awal pilpres hingga meja diskusi. Orangnya itu² aja di twittland sampai real life.","1840321806802301161","","jakapujakesuma1","in"," Anfield Townhouse","0","0","0","https://x.com/Christofel_ID/status/1840321806802301161","83506105","Christofel_ID"
"1840196231030817077","Sun Sep 29 09:17:21 +0000 2024","0","@cilukbaa1 @Ber_uang08 @jokowi @PDI_Perjuangan @prabowo @gibran_tweet @bengkeldodo @DedynurPalakka @florieliciouss @FDonghun @gtobing2903 @mas_veel @VaniaKiara3002 @Epricila10 @Lembayung071 @99propaganda pilpres ud usai mbakkkkk....move on yoookkkk","1840319944950702456","","cilukbaa1","in","","0","0","0","https://x.com/ReulNu/status/1840319944950702456","1320574996473761792","ReulNu"
"1839648583194464377","Sun Sep 29 09:00:44 +0000 2024","0","@KompasTV Enggak pantes lah puan karena pilpres kemarin tidak ada puan","1840315765272313964","","KompasTV","in","Kedudampit, Indonesia","0","0","0","https://x.com/TutiRusian26427/status/1840315765272313964","1802617282012798977","TutiRusian26427"
"1840239605142155451","Sun Sep 29 08:59:12 +0000 2024","0","@tempodotco Setelah menang pilpres sekarang saatnya mengeruk keuntungan yang sebesar besarnya sekaligus refund modal kampanye. Selamat berpesta ria dan menikmati keuntungan dari menjual sda dan tanah air Indonesia. @prabowo","1840315380549718182","","tempodotco","in","Bandung, Jawa Barat","0","0","0","https://x.com/teccaro/status/1840315380549718182","1605120641312489473","teccaro"
"1839612504940409235","Sun Sep 29 08:55:11 +0000 2024","1","@kanopimedia @PadmavatiPrati1 Kalau pr*man dikasih ruang seperti di pileg/pilpres kemarin ","1840314370557194511","","kanopimedia","in","Jawa Timur, Indonesia","0","0","0","https://x.com/luthfi_nashrull/status/1840314370557194511","1301449912714887169","luthfi_nashrull"
"1840244553368162568","Sun Sep 29 08:51:00 +0000 2024","1","@tham878 buzzer2 pecundang 16% apa g dibriefing dulu ya? Kegoblokan di pilpres kok diulang lagi? Hina polisi hina nama mulyono pdhl rakyat jeteng itu tidak suka hina menghina apalagi hinaan kpd keluarga jokowi","1840313317468037534","","tham878","in","","0","0","0","https://x.com/jogta_draja/status/1840313317468037534","1763858372254900224","jogta_draja"
"1840245566984597566","Sun Sep 29 08:44:25 +0000 2024","215","@CakKhum Inilah beban jadi buzzer setelah pilpres. Jadi bahan olok-olokan sepanjang hidup.","1840311658599825652","","CakKhum","in","Jakarta Capital Region, Indone","0","2","8","https://x.com/kizarukun899982/status/1840311658599825652","1829846981201838080","kizarukun899982"
"1839844700330831887","Sun Sep 29 08:43:39 +0000 2024","0","@Rahadi240987455 @secr3thm4nz56 Anies mulut manis penipu tukang hasut ..terbukti saat pilpres hasut Prabowo dan hasutannya tidak terbukti dasar otak munafik","1840311464638476711","","Rahadi240987455","in","West java","0","0","0","https://x.com/adriant3/status/1840311464638476711","137316306","adriant3"
"1839742761349853249","Sun Sep 29 08:34:33 +0000 2024","0","@sociotalker Coba kamu ikut pilpres melawan Jokowi Klo kamu menang aku akan jadi budakmu wkwkwk","1840309177660653609","","sociotalker","in","","0","0","0","https://x.com/lompong82/status/1840309177660653609","1716624494624956416","lompong82"
"1838887542017736765","Sun Sep 29 08:32:52 +0000 2024","0","@Boediantar4 Meniru gaya bossnya biar menang seperti di pilpres kemarin yang penting joget","1840308752999968929","","Boediantar4","in","","0","0","0","https://x.com/NunangS28603/status/1840308752999968929","1838243341659754496","NunangS28603"
"1839967826670444995","Sun Sep 29 08:32:21 +0000 2024","0","@buntand @loghypothesis @RAKemal Sy bilang ketdkadilan itu dialami oleh PNS. Salah satunya adlh tdk sesuainya rumusan dan plaksanaan. Rumusannya gaji PNS berdasarkan inflasi utk mningkatkan ksejahteraan. Yg dilakukan pnguasa menaikkan gaji sesaat seblm pilpres dgn alasan elektabilitas. Kamu udah tua jgn muter2","1840308623324668399","","buntand","in","","0","1","0","https://x.com/Sigmahalim/status/1840308623324668399","1194978102029340673","Sigmahalim"
"1840052590803071210","Sun Sep 29 08:29:28 +0000 2024","4","@yaniarsim @msaid_didu Bukan begitu justru lebih berbahaya adri itu bahwa semua kejadian kerusuhan yg ada adalah settingan korps coklat bahkan hingga ke PILPRES dan Pil² yg lain itu semua yg setting adalah korps coklat","1840307897378713661","","yaniarsim","in","","0","0","0","https://x.com/Sudewo20/status/1840307897378713661","942725218736340993","Sudewo20"
"1840307773806129177","Sun Sep 29 08:28:59 +0000 2024","2","Kuatire... jagomu kalah maneh koyok di pilpres 2024 wingi min Ganjar cuma dapat 16 an prosen thok dan ranking 3 ranking paling asor... Mending netral wae jadi juru info se Jawa Tengah...","1840307773806129177","","","in","Kota Semarang, Indonesia","0","0","0","https://x.com/musashi_masabi/status/1840307773806129177","916000413643501568","musashi_masabi"
"1839945528815300743","Sun Sep 29 08:28:48 +0000 2024","0","@BosPurwa Terus kenapa kemaren maju pilpres dan pilgub 2017 lewat jalur partai kalau semua partai itu bajak laut?","1840307728566382796","","BosPurwa","in","","0","0","0","https://x.com/Jolipool1/status/1840307728566382796","1427872141286854659","Jolipool1"
"1840276855087333473","Sun Sep 29 08:27:49 +0000 2024","3","@DokterTifa @prabowo Dulu anda jg menghina pak Prabowo waktu mau pilpres ","1840307482738209129","","DokterTifa","in","","0","7","0","https://x.com/fe2952/status/1840307482738209129","1819806509100122112","fe2952"
"1839819268827034087","Sun Sep 29 08:27:15 +0000 2024","0","@islah_bahrawi Karena gak dukung Ganjar Wkwkwkkw Coba klo dukung pasti di jilatinnya kayak sebelum pilpres","1840307338223464655","","islah_bahrawi","in","","0","0","0","https://x.com/lompong82/status/1840307338223464655","1716624494624956416","lompong82"
"1840276855087333473","Sun Sep 29 08:21:10 +0000 2024","71","@DokterTifa @prabowo Yg tidak kebayang oleh si G adalah dia bersanding dgn org yg paling dibencinya dihinanya di pilpres kemauan ortunya. Dan satu lagi gimana naruk muka badaknya Jika bertemu dgn Pak Prabowo dimana skrg lg heboh akun topeng dirinya.","1840305806677553215","","DokterTifa","in","","0","3","3","https://x.com/marpetrianadwi1/status/1840305806677553215","1036935182052253701","marpetrianadwi1"
"1839812222224347610","Sun Sep 29 08:20:22 +0000 2024","0","@gtobing2903 @pandji @aniesbaswedan Ini org kenapa ya?kayae Pak Anies udh kalah di pilpres deh gagal nyagub juga ga boleh mendirikan partai juga msh dinyinyirin....luar biasa org yg sdh bukan apa2 dinyinyirin....elu kl mau tahu DP nol persen dm deh....di daerah gue ada yg DP nol persen... ternyt bisa","1840305606886043841","","gtobing2903","in","","0","0","0","https://x.com/Dulkamdiii/status/1840305606886043841","1782172815954984960","Dulkamdiii"
"1840303381090541853","Sun Sep 29 08:11:31 +0000 2024","0","Ngebully sepenuh hati dan gagal itu beneran lebih sakit daripada kalah pilpres ","1840303381090541853","","","in","Temanggung, Indonesia","0","0","0","https://x.com/_agiss/status/1840303381090541853","1410164389206913024","_agiss"
"1838419963109097879","Sun Sep 29 07:58:39 +0000 2024","0","@Ki_Nusantara99 @zy_zy_lestary @dika_maxelyou @IrwanResma48922 @HaramAsoy @Rocky_Antonie Pilpres dah lama kelarnya om yg kalah dah lupa tapi herannya yg menang masih aja terus mengingat2nya. Pdhal menangnya pun karna dibantu bansos dan intimidasi. Ini bkn lagi tntg pilpres tapi tntg nasib keluarga jokowi yg akan menghadapi sidang pengadilan rakyat stlh 20 oktober","1840300141783462283","","Ki_Cebong99","in","","1","1","0","https://x.com/nyinyirsedunia/status/1840300141783462283","3311378250","nyinyirsedunia"
"1840048001424970145","Sun Sep 29 07:42:23 +0000 2024","0","@tekarok007 Dendam banget sm anies rok....mau dibawa smpe elu mati?pilpres sdh kalah gagal calgub buat partai ga boleh..msh aja elu nyinyirin wkwkwkw...hebat ini si Anies brti","1840296045818855749","","tekarok007","in","","0","0","0","https://x.com/Dulkamdiii/status/1840296045818855749","1782172815954984960","Dulkamdiii"
"1839583238240805117","Sun Sep 29 07:41:56 +0000 2024","0","@Ki_Nusantara99 @atba_afila @zy_zy_lestary @gibran_tweet @kaesangp @adri_7i @dika_maxelyou @IrwanResma48922 @YoYoAyo17845 Tolol otak babi hanya modal bacotan aja ga punya leterasi apa lagi pengetahuan ga ada hubungannya dengan pilpres hei motherfucker lu senang ya dapat beras gratis sekarang ga ada lagi lu lapar lagi makan itu sampah kotoran Bantar gebangbiar semakin busuk mulut dan otakmu","1840295932572868957","","Ki_Cebong99","in","Kemang Jaksel","0","2","0","https://x.com/JhenMichel/status/1840295932572868957","1814874015686926338","JhenMichel"
"1840260851036762443","Sun Sep 29 07:40:33 +0000 2024","3","@__LOVE_AG4EVER Tetap ada yg ngarep jadi wapres tanpa pilpres. Mknya Gibran digoyang terus2 pakai akun dan lainnya. Siapa tahu berhasil... Namanya politik. https://t.co/KZn9fOMfdN","1840295584517013945","https://pbs.twimg.com/media/GYoLFPxbwAAYSLv.jpg","__LOVE_AG4EVER","in","Banten, Indonesia","0","3","0","https://x.com/KWidiarso/status/1840295584517013945","2378651516","KWidiarso"
"1839902478403547144","Sun Sep 29 07:38:50 +0000 2024","0","@BebySoSweet Bukannya kemarin2 diadain pilpres ya? ","1840295153652597099","","BebySoSweet","in","","0","0","0","https://x.com/Yusuf19Mh90701/status/1840295153652597099","1837833322351022080","Yusuf19Mh90701"
"1840293944669941848","Sun Sep 29 07:34:02 +0000 2024","0","Thesis $MAGA politifi Maga adalah Seboyan ato jargon &amp; topi ikonik. ingat yg terjadi saat presiden Election 2019 saham DJT naik pesat karena trump kepilih atau attansionnya naik. ini kayak Saham Sandiaga UNO naik saat dia ikut pilpres","1840293944669941848","","","in","DKI Jakarta, Indonesia","0","2","0","https://x.com/BaguzFX/status/1840293944669941848","2951322325","BaguzFX"
"1839948426676711561","Sun Sep 29 07:31:14 +0000 2024","0","@DokterTifa Sakit hati sama kalah pilpres ndak enak ya...sakit nya seumur hidup","1840293243080323139","","DokterTifa","in","","0","0","0","https://x.com/danikur87719487/status/1840293243080323139","1376911055620767749","danikur87719487"
"1840276562161131883","Sun Sep 29 07:29:15 +0000 2024","0","SIMULASI PASANGAN CALON MENURUT BASIS PILPRES 2024 Sementara pasangan Khofifah Indar Parawansa dan Emil Elestianto Dardak unggul di basis pemilih Anies dan Prabowo saat Pilpres 2024 sementara Tri Rismaharini-Gus Hans sedikit unggul di basis pemilih Ganjar. https://t.co/BuT4EOPCuh","1840292741110223082","https://pbs.twimg.com/media/GYoIPcpbsAAy1lb.jpg","indikatorcoid","in","Menteng, Indonesia","0","1","0","https://x.com/indikatorcoid/status/1840292741110223082","1379088229","indikatorcoid"
"1839829322993189034","Sun Sep 29 07:26:39 +0000 2024","1","@GM_Warrios @Andikaperkasa09 @hendrarprihadi Taktik dan strategi Pemilu/Pilpres kemaren akan dicopy paste.. Liat aja paslon yg beririsan dgn daya dukung penguasa saat ini dialah yg akan menang..","1840292088493289656","","GM_Warrios","in","Kediri, Jawa Timur","0","0","0","https://x.com/sunartoadhie32/status/1840292088493289656","1044835416829022210","sunartoadhie32"
"1839895310698496153","Sun Sep 29 07:21:40 +0000 2024","1","@shda_agatha_ @detikcom visi misi yg mana? sdh ditawarkan waktu jd gubernur hasilnya DKI berantakan jalan2 berlobang tdk karuan pohon2 Monas ilang gak ada juntrungannya program spektakuler rmh DP 0% jg cm ngibul doang kl orogramnya bagus wkt pilpres mnang dong giliran pilkada gak ada yg melirik","1840290833091965101","","shda_agatha_","in","Jakarta Pusat, DKI Jakarta","0","1","0","https://x.com/mas_veel/status/1840290833091965101","1709123175450288128","mas_veel"
"1840289062617587857","Sun Sep 29 07:14:38 +0000 2024","0","Konon katanya ASN dilarang nge-like maupun komen di medsos terkait postingan pemilu (pilpres pilkada). Berarti sekarang sudah boleh ya? Sampai-sampai dibuatkan surat edaran.. https://t.co/8V1qu1n6Fl","1840289062617587857","","","in","Jawa Tengah, Indonesia","0","0","0","https://x.com/tatamardu/status/1840289062617587857","215757454","tatamardu"
"1839970775450955854","Sun Sep 29 07:13:39 +0000 2024","0","@JSTrikukuh He is not stupid tapi dia jahat &amp; tdk bermoral. Kemenangan pilpres dicapai dgn kecurangan yg telah direncanakan secara terstruktur dgn mengendalikan semua instrumen pemerintahan. Sdg kan org2 terkait jd memiliki mentality yg tdk naik shg semua dpt dikendalikan dgn uang...","1840288818357997986","","JSTrikukuh","in","","0","0","0","https://x.com/IlyasSuwar17956/status/1840288818357997986","1796086729365229568","IlyasSuwar17956"
"1840005754675442072","Sun Sep 29 07:08:48 +0000 2024","0","@bakuldimsum_ Awal Mula Waktu Pilpres Seakan2 di Pihak Netral... Setelah Hasil + Ada Tambang... Bener2 kayak Rombak Total... Gak Tahu juga Kenapa... Secara Pengetahuan padahal Lumayan kayaknya Bapak ini.. Entahlah..","1840287596813136081","","bakuldimsum_","in","Di dalam Helm","0","0","0","https://x.com/alatasdarmin/status/1840287596813136081","961357308675543040","alatasdarmin"
"1840092877571141938","Sun Sep 29 07:06:35 +0000 2024","0","@Sniffing_Lead @hisjam @CakKhum Bukanya sejak pilpres dikondidikan seperti itu..?","1840287038681272460","","Sniffing_Lead","in","","0","0","0","https://x.com/joppieadi999/status/1840287038681272460","1125235286810566656","joppieadi999"
"1840286220968218663","Sun Sep 29 07:03:20 +0000 2024","1","Walau pada PilPres kemarin tdk mendukung Anis tp Aku bangga dg Dia Org Muda Pemberani yg Cerdas dan Visioner bukan Pecundang kek Qudri DLL yg cari makan buat Anak Istri nya dg menggadaikan Intelektualitas nya.","1840286220968218663","","","in","","0","0","0","https://x.com/surabaya_s53211/status/1840286220968218663","1686440344089665536","surabaya_s53211"
"1839970775450955854","Sun Sep 29 07:02:29 +0000 2024","0","@JSTrikukuh Pilkada dan Pilpres Kan Gak One Man Show Ada Timses ada Partai Juga.","1840286005594669507","","JSTrikukuh","in","Bekasi","0","0","0","https://x.com/tedi_uten/status/1840286005594669507","1439701705822662657","tedi_uten"
"1840285225282396234","Sun Sep 29 06:59:23 +0000 2024","0","Ketolong duit pemilu Emang amplop dari pilpres tahan berapa bulan? Oke gas...oke gas","1840285225282396234","","","in","di pinggir kota","0","0","0","https://x.com/mudzakirmanaf/status/1840285225282396234","538716428","mudzakirmanaf"
"1840174267763458237","Sun Sep 29 06:58:58 +0000 2024","0","@zqhr Saat pilpres ini org yg buka dompet donasi kah??","1840285121422995485","","zqhr","in","","0","0","0","https://x.com/HandaliBen12382/status/1840285121422995485","1721125598867914752","HandaliBen12382"
"1839819268827034087","Sun Sep 29 06:40:00 +0000 2024","0","@islah_bahrawi Masih dendam aja cak kalah pilpres kemaren","1840280348522913871","","islah_bahrawi","in","Indonesia","0","0","0","https://x.com/SatriaInthesky/status/1840280348522913871","1266081781410750465","SatriaInthesky"
"1840280239165059582","Sun Sep 29 06:39:34 +0000 2024","0","Ini yg saya khawatirkan sbenernya Banyak demand 'palsu' dalam Tahun ini Sumber duit dari pilpres kmarin pilkada dan laundry sbagiannya Tapi brandku gak resiko segmennya beda dg brand sebelah","1840280239165059582","","","in","Bondowoso, East Java","0","0","0","https://x.com/evanagusmaulana/status/1840280239165059582","3301304371","evanagusmaulana"
"1840211616480276641","Sun Sep 29 06:36:15 +0000 2024","1","@bertumbuh51 @tekarok007 Akibat kalah pilpres dan sakitu hati ibu lu terpaksa ngelacur ya","1840279403261243557","","bertumbuh51","in","","0","1","0","https://x.com/taufan_hik27380/status/1840279403261243557","1699490749916798976","taufan_hik27380"
"1840026206730891643","Sun Sep 29 06:34:47 +0000 2024","2","@JhonSitorus_18 @RizkiR4madani Seandainya pun Kofifah Dardak kalah di Jatim karpet merah kursi di ring 1 istana tersedia entah akan jd menteri wakil menteri atau jabatan komisaris atau jubir presiden &amp; wakil presiden balas Budi keringat bercucuran di pilpres kemarin untuk Prabowo Gibran.","1840279033659175060","","JhonSitorus_18","in","","0","0","0","https://x.com/KMER212/status/1840279033659175060","1505040620855099392","KMER212"
"1839655716132684131","Sun Sep 29 06:28:47 +0000 2024","0","@tham878 Banyak yg musuhin Pak Jokowi krn kalah di pilpres kemaren. Kemudian banyak koruptor yg marah krn sulit korupsi. Dan banyak para kaum non nasionalis yg ga suka dgn hidupnya Pancasila di jaman Pak Jokowi","1840277523797815458","","tham878","in","Jakarta","0","0","0","https://x.com/ariepong/status/1840277523797815458","169763141","ariepong"
"1839647310545826283","Sun Sep 29 06:21:45 +0000 2024","0","@febrixnx @aksara_putra52 @powtatokid @BangPino__ Bener gara2 debat kemarin dan pilpres tahun ini buat gua jadi ikut melek soal politik. Tadinya bodo amat loh dan gua juga baru ngikutin Anies sejak pilpres sih bukan pas dia sama Ahok adu debat","1840275754992709970","","febrixnx","in","ÜT:-6.596829,106.806617","0","0","0","https://x.com/tabul_ian/status/1840275754992709970","424125482","tabul_ian"
"1840224733889286407","Sun Sep 29 06:21:21 +0000 2024","0","@NOTASLIMBOY Wkwk rame di X aja kaya pilpres kemaren. Pak Anies menang di X realitanya kan engga.","1840275655679741987","","NOTASLIMBOY","in","BANDUNG PRIDE","0","0","0","https://x.com/tyakbar182/status/1840275655679741987","71477361","tyakbar182"
"1840273829551112241","Sun Sep 29 06:14:06 +0000 2024","9","salah satu agenda mossad jg kayaknya bikin counter narasi di negara pendukung2 palestina liat akun2 yg kemarin kerja tuk pilpres.","1840273829551112241","","","in","Jakarta","0","0","0","https://x.com/SupirPete2/status/1840273829551112241","172790109","SupirPete2"
"1840227666093584607","Sun Sep 29 06:08:51 +0000 2024","0","@arifin34533 Ibu Pertiwi bakal sembuh kalo gerombolan kalah Pilpres kemarin sadar diri legowo dan tdk menyebar fitnah menggoreng berita serta merubah narasi. Itu saja. Keributan ini semua cm 1 ada yg kalah dan tdk terima. Itu saja. Tdk ada yg lain.","1840272511050887334","","arifin34533","in","Kota Palembang, Sumatera Selat","0","0","0","https://x.com/YumaAr_/status/1840272511050887334","1297177103184482305","YumaAr_"
"1840164012958593426","Sun Sep 29 06:08:28 +0000 2024","0","@SammiSoh Makanya saya Alhamdulillah inisial A ga menang pilpres Krn mayoritas penduduknya modelan begini","1840272411821789241","","SammiSoh","in","Indonesia","0","0","0","https://x.com/RoyThekop/status/1840272411821789241","478445064","RoyThekop"
"1840048001424970145","Sun Sep 29 06:06:47 +0000 2024","1","@tekarok007 @ItsMe_RBH @yoghafoto @mas_veel jiaahhhhh orang cendana ternyata... kok cuap2 ordal di debat pilpres ??? mas aniessss mas aniesssssssss @aniesbaswedan ","1840271989296247037","","tekarok007","in","Ohara","0","2","1","https://x.com/UseKidd/status/1840271989296247037","1672969690703081474","UseKidd"
"1840239605142155451","Sun Sep 29 06:05:26 +0000 2024","5","@kiannnnuuu1 @tempodotco Mungkin karena uang dan karir politik dulu juga bilang pilpres dan produknya cacat karena hasil putusan MK cacat hukum. Tetapi jadi diam setelah dekat elite dan penguasa.","1840271649016558056","","kiannnnuuu1","in","Gianyar, Indonesia","0","0","0","https://x.com/toniksujanainfo/status/1840271649016558056","1413457117663531014","toniksujanainfo"
"1840040152020013120","Sun Sep 29 06:00:07 +0000 2024","5","@hakunomatataa @kura2giok @ariomazda emang kamu paham bro? apa sok paham aja ini edan edan......kualitas intelek hari ini makin mengkhawatirkan mosok gara gara pilpres.....bencimu mengalahkan logikamu itu hal wajar biasa aja...Raffi dapat gelar atas prestasi didunia hiburan kok malah ngiri","1840270309645238535","","hakunomatataa","in","","1","1","0","https://x.com/Anwar6993312370/status/1840270309645238535","1751647048867471360","Anwar6993312370"
"1840269357345362178","Sun Sep 29 05:56:19 +0000 2024","0","Kalo somin ngegoa habis ini keknya hiatus main twitter deh. Becky blm balik jd gaada yg mau dihype lagi mana dia ngilangnya bener² ngilang njir. Perpolitikan jg udh g ada kuikutin lagi habis pilpres. Lagi stop anime juga. Aktor² lain yg kusuka ada tp bakal nonton projectnya aja","1840269357345362178","","","in","Southeast Asia","0","0","0","https://x.com/arch_ofy/status/1840269357345362178","1316661024364228608","arch_ofy"
"1839982788956827848","Sun Sep 29 05:55:32 +0000 2024","5","@FayaAtika Mari Kita Tonton sekali pun Sangat tdk Menarik. Dari Awal sblm PILPRES Mayoritas Masyarakat Indonesia sdh tdk Menghemdaki. Apa lagi cara2 yg ditempuh Membegal Konstitusi dan berkampanye Menggunakan fasilitas Negara berupa bantuan Bansos...","1840269157272826131","","FayaAtika","in","Yogyakarta, Indonesia","0","0","0","https://x.com/KhairulFat87870/status/1840269157272826131","1676702884665393152","KhairulFat87870"
"1840247174938182027","Sun Sep 29 05:54:47 +0000 2024","0","@mardiasih Mirip2 pilpres 02 kemarinlah.. pake gimick terzolimin karena 11%. tangisan eek kebo.","1840268971226083468","","mardiasih","in","mencari titik koordinatnya","0","0","0","https://x.com/raplee/status/1840268971226083468","71472080","raplee"
"1840268509210980664","Sun Sep 29 05:52:57 +0000 2024","2","kelompok bajer beras baperan berat gini niih yg bikin el chudai sampai kalah telak NOL propinsi di pilpres kemarin. si rambo pasti akan nuai sial yg sama dan sebangun di pilkada krn miara bajer² kerdil pikiran plus noraak","1840268509210980664","","","in","Jakarta Capital Region","0","0","1","https://x.com/temanduit/status/1840268509210980664","1299521463150542849","temanduit"
"1839617876501958846","Sun Sep 29 05:52:56 +0000 2024","0","@ainunnajib @adith_wp Dah dapat banyak dr kawal pilpres?","1840268504530088323","","ainunnajib","in","Keliling Indonesia","0","0","0","https://x.com/Shery_Adhy/status/1840268504530088323","2356295286","Shery_Adhy"
"1840214906819490065","Sun Sep 29 05:46:45 +0000 2024","0","@akbarfaizal68 @masbutet Sebelum pilpres juga sudah bikin pertunjukan.. hanya saja kalau kita melihat tanggapan masyarakat secara global ( ri ) ya hanya 16%.","1840266946475856272","","akbarfaizal68","in","","0","0","0","https://x.com/NOmpusungg90860/status/1840266946475856272","1752690227142172672","NOmpusungg90860"
"1838779333722411251","Sun Sep 29 05:42:18 +0000 2024","0","@RWWReborn Mirip Born In USA lagu yang sebenarnya nyindir kondisi AS saat itu terutama pasca Perang Vietnam malah jadi lagu semi-patriotis khususnya saat kampanye pilpres di sana beberapa tahun lalu. ","1840265829893742593","","RWWReborn","in","Ewes, Scotland","0","0","0","https://x.com/naufalfalahfal/status/1840265829893742593","90364780","naufalfalahfal"
"1839694387736903814","Sun Sep 29 05:41:50 +0000 2024","0","@annisaandn Ini semua kan bermula sewaktu Pilpres. Anak abah dan kelompok pintar X menganggap Indonesia akan suram dengan kemenangan 02. Lalu muncullah aksi pindah ke luar negeri ganti kewarganegaraan sampai bikin thread. Gw adalah salah satu orang dengan pemikiran nasionalis","1840265710951641559","","annisaandn","in","","0","1","0","https://x.com/whendarkness_/status/1840265710951641559","1455248025492725766","whendarkness_"
"1839966222366192048","Sun Sep 29 05:38:43 +0000 2024","0","@kozirama Banyak yang memendam sakit hati karena jagoan kalah pilpres 2 X Akhirnya kesehatan menurun produktivitas menurun setiap hari hanya mengeluh dan mencaci-maki","1840264928092983596","","kozirama","in","","0","0","0","https://x.com/FreyPans/status/1840264928092983596","1584112696491855872","FreyPans"
"1840014602786222287","Sun Sep 29 05:38:00 +0000 2024","0","@hansssolo Sak ngertiku 2 bulan sebelum pilpres beras wes mudak 10 ewu dadi 15 ewu bar kui diglontor beras bansos dan blt","1840264747125747786","","hansssolo","in","Temanggung","0","0","0","https://x.com/PenDjooLL/status/1840264747125747786","1350861338","PenDjooLL"
"1840264110245863693","Sun Sep 29 05:35:28 +0000 2024","22","Kaget aja aslinya Prabowo itu pas tau wajah dan sifat asli anies yg di framing santun paling religius sopan dan beretika wkwkkw Abis gitu ga malu2 minta dukungan Prabowo lg buat nyagub abis kalah pilpres. Ternyata ad orng kayak anies g ad malu gitu wkkw","1840264110245863693","","","in","","0","6","6","https://x.com/tekarok007/status/1840264110245863693","1184695438365974528","tekarok007"
"1840264036052853229","Sun Sep 29 05:35:11 +0000 2024","4","Coba kemarin raffi nagita dukung 01 ya pas pilpres ga ada nih tweet tweet gini. Eh","1840264036052853229","","","in","","0","0","0","https://x.com/mavshair/status/1840264036052853229","1137575924541546496","mavshair"
"1840027822334849165","Sun Sep 29 05:33:18 +0000 2024","0","@cobeh2022 Drama pilpres masih aja dipakek","1840263562587189663","","cobeh2022","in","Tulungagung, Indonesia","0","0","0","https://x.com/AndriantoWawang/status/1840263562587189663","1099926095434936322","AndriantoWawang"
"1840163005096669231","Sun Sep 29 05:32:38 +0000 2024","1","@FelixSGL1 @JSTrikukuh @ZoneVenomWar Sy sih cemas banget hanya petinggi dibalik online 2x ini kan pada nempel ke penguasa dan next penguasa...contoh kecil ya minjemin pesawat itu bgmn mau di...blm lagi peran Ti**** selama pilpres lalu..beda dgn X yg ga gampang di atur ya..","1840263393418326222","","FelixSGL1","in","Jakarta","0","0","0","https://x.com/JoPermadi/status/1840263393418326222","45363072","JoPermadi"
"1839695524506767830","Sun Sep 29 05:28:54 +0000 2024","0","@S4N_W1B1 Sayangnya saat jadi mentri tidak mau menyampaikan apa yang terjadi. Setelah kalah pilpres baru koar koar meskipun saya yakin sejak 5 tahun lalu sudah banyak pelanggaran yang dilakukan joko kuwi","1840262456477921453","","S4N_W1B1","in","","0","0","0","https://x.com/heru_sugi/status/1840262456477921453","2489832054","heru_sugi"
"1840255455916110323","Sun Sep 29 05:19:18 +0000 2024","3","@PartaiSocmed Gak tau malu orang2 yg jagoannya kalah pilpres tapi ngemis-ngemis agar jagoannya diangkat menggantikan yg menang pilpres.","1840260041779339481","","Drg_Slr","in","Galaksi Bimasakti","0","0","0","https://x.com/Drg_Slr/status/1840260041779339481","1722042052454793216","Drg_Slr"
"1840205971806925232","Sun Sep 29 05:12:22 +0000 2024","0","@adri_7i @prabowo 1) TIDAK MENGAGETKAN! Sdh lama jd bisik2 tetangga. 2) Kan bisa terbaca dr sikap Puan yg AMBIVALEN AMBIGU &amp; MAIN 2 KAKI - sebelum pd saat &amp; sesudah Pemilu/Pilpres? 3) Kan semua Parpol KOTOR &amp; KORUP? Spt kata Irma Chaniago? 4) Siapa bisa kontrol KARTEL2 POLITIK?","1840258296856666413","","adri_7i","in","","0","0","0","https://x.com/meliksumanandar/status/1840258296856666413","1626014171497385984","meliksumanandar"
"1839945074555122152","Sun Sep 29 05:10:30 +0000 2024","24","@goraici Nunggu ada penelitian yang mengasosiakan sebaran kuantitas bansos pada dapil2 (minimal level kecamatan) di era Pilpres.","1840257823609106770","","goraici","in","Jakarta","0","0","1","https://x.com/elisa_jkt/status/1840257823609106770","44556194","elisa_jkt"
"1840010394980741484","Sun Sep 29 05:09:36 +0000 2024","0","@Adiprayitno_20 Dah biarin aja Mungkin sesuai ramalan Prabowo di pilpres 2019 kalo Indonesia bisa bubar 2030","1840257599528415258","","Adiprayitno_20","in","Russia","0","0","0","https://x.com/SManikmoyo/status/1840257599528415258","1244476057891160064","SManikmoyo"
"1839528669749846453","Sun Sep 29 04:54:19 +0000 2024","1","@Pegulatmasa @sayamakibao @xD34DBE3F @BuYungBin1 @NOTASLIMBOY Goblog gak bisa membaca APBN sekarang APBN defisit anggaran. Jelas APBN terganggu dengan proyek Jokowi proyek IKN ini. Proyek ambisius Jokowi yang tidak tercantum dan terverifikasi pada janji-janji dan program kampanye pilpres Jokowi-Ma'rufAmin 2019-2024 https://t.co/x4ZlpA5d8C","1840253752634421486","https://pbs.twimg.com/media/GYnlCEsbMAAbG1Q.jpg","Pegulatmasa","in","","0","1","0","https://x.com/FurqanIbr64677/status/1840253752634421486","1669742231228682241","FurqanIbr64677"
"1840253649722757263","Sun Sep 29 04:53:55 +0000 2024","0","Pada hari Minggu tanggal 29 September 2024 Personil Polsek Linggabayu melaksanakan kegiatan Cooling System dalam menghadapi Situasi Jelang Pelantikan Pilpres dan Jelang Pilkada Gubernur Sumut dan Bupati Madina 2024. https://t.co/zkpME81PW4","1840253649722757263","https://pbs.twimg.com/media/GYnk7lnasAINU_3.jpg","","in","","0","0","0","https://x.com/PolsekLing62979/status/1840253649722757263","1768901743465897984","PolsekLing62979"
"1839882957927981538","Sun Sep 29 04:49:47 +0000 2024","0","@ERaksasa @itsquaileggs @ainunnajib @aniesbaswedan #asalmangap asal nuduh tanpa ada bukti dan tanpa bisa membuktikan model kyk pilpres suka merendahkan meremehkan bahkan menghina https://t.co/Dzcg5wvfKO","1840252612278661613","https://pbs.twimg.com/media/GYnj_6oasAA9tLg.jpg","ERaksasa","in","Indonesia tercinta","0","1","0","https://x.com/Raden_Mas_Budi/status/1840252612278661613","820978803891576835","Raden_Mas_Budi"
